account_id,customer_id,branch_id,account_type,balance,open_date,status
1127,56991,140,NRI,29685.06,2025-01-01,Active
4612,51134,2,Current,5223.44,2025-01-01,Active
7832,18657,94,Current,20459.59,2025-01-01,Active
13120,43136,50,Current,9611.93,2025-01-01,Active
19967,36979,31,Savings,2579.44,2025-01-01,Active
22178,43484,144,Salary,99191.05,2025-01-01,Active
27022,46113,25,Savings,15719,2025-01-01,Active
34194,13865,16,Current,100238.85,2025-01-01,Active
35085,11829,96,Savings,11416.99,2025-01-01,Active
42593,29403,17,Current,30672.83,2025-01-01,Active
49640,22322,144,Savings,58090.4,2025-01-01,Active
55783,32349,96,Savings,21040.51,2025-01-01,Active
59839,19063,26,Fixed Deposit,54861.88,2025-01-01,Active
69197,41867,5,Fixed Deposit,2254.94,2025-01-01,Active
86901,31052,135,Savings,59936.95,2025-01-01,Active
7240,15569,61,Savings,8074.94,2025-01-02,Active
11568,23395,31,Current,55833.24,2025-01-02,Active
23136,25877,21,Current,109944.78,2025-01-02,Active
25707,12825,74,Current,24216.74,2025-01-02,Active
43112,58595,62,Current,18393.19,2025-01-02,Active
48688,46308,15,Savings,25530.21,2025-01-02,Active
56432,23334,56,Savings,11180.82,2025-01-02,Active
68135,2228,122,Fixed Deposit,18713.93,2025-01-02,Active
70930,53686,15,Savings,5731.87,2025-01-02,Active
72805,11213,19,Current,103733.5,2025-01-02,Closed
80052,44477,34,Savings,18466.42,2025-01-02,Active
94237,49549,4,Current,33502.76,2025-01-02,Active
5364,39019,18,Savings,1040.59,2025-01-03,Active
7657,48488,63,Savings,22203.38,2025-01-03,Active
10274,49476,58,Savings,21051.07,2025-01-03,Active
23979,22024,54,Current,83044.2,2025-01-03,Dormant
36349,34455,116,Savings,74307.33,2025-01-03,Active
56330,6528,16,Savings,28492.27,2025-01-03,Active
68269,33704,141,Current,16487.07,2025-01-03,Active
84098,7023,85,Current,48268.28,2025-01-03,Active
86821,33763,72,Savings,1808.09,2025-01-03,Active
20305,55678,52,Savings,37248.64,2025-01-04,Active
22443,31588,38,Savings,34286.04,2025-01-04,Active
27626,27782,63,Salary,22416.1,2025-01-04,Active
37749,26814,101,Salary,15707.6,2025-01-04,Dormant
37751,41927,76,Savings,41334.4,2025-01-04,Active
37958,16277,77,Savings,68351.96,2025-01-04,Active
55123,48833,23,Savings,88172.17,2025-01-04,Dormant
64075,18111,58,Salary,19314.91,2025-01-04,Active
67241,43295,139,Salary,52117.42,2025-01-04,Active
78054,27557,71,Salary,75219.78,2025-01-04,Active
94699,14736,137,Savings,115700.83,2025-01-04,Active
2203,14768,72,Current,23749.64,2025-01-05,Active
5335,1965,130,Current,16656.55,2025-01-05,Active
14550,45538,78,Savings,667.44,2025-01-05,Active
23963,21836,37,Current,75337,2025-01-05,Active
29991,12673,61,Savings,38837.24,2025-01-05,Active
37535,52066,133,NRI,41093.05,2025-01-05,Active
45756,4531,31,Savings,69005.55,2025-01-05,Active
62174,6774,16,Savings,3971.52,2025-01-05,Active
65611,18065,94,Salary,12845.84,2025-01-05,Active
70199,13296,106,Fixed Deposit,123302.18,2025-01-05,Active
81570,59820,103,Salary,65957.02,2025-01-05,Active
8214,3978,145,Salary,87803.49,2025-01-06,Active
36271,32171,38,Savings,37241.16,2025-01-06,Active
38885,491,8,Savings,86208.86,2025-01-06,Active
42742,1211,2,Savings,103105.44,2025-01-06,Active
47853,22048,135,Fixed Deposit,3778.84,2025-01-06,Active
59454,1835,23,Savings,971.21,2025-01-06,Active
59827,16082,42,Salary,1022.38,2025-01-06,Active
81269,4230,144,Current,4999.09,2025-01-06,Active
24,36353,104,Savings,40852.98,2025-01-07,Active
3831,8913,24,Savings,44092.75,2025-01-07,Active
32424,11172,4,Salary,16160.77,2025-01-07,Active
40492,41628,115,Current,3525.45,2025-01-07,Active
55147,6013,120,Savings,7064.43,2025-01-07,Active
55608,26418,138,Savings,9071.23,2025-01-07,Active
58849,21780,54,Savings,137703.08,2025-01-07,Active
66705,20366,109,NRI,65413.21,2025-01-07,Active
67043,41493,40,Current,37600.91,2025-01-07,Active
67333,42711,67,Savings,64349.69,2025-01-07,Active
73963,53872,67,Current,20117.82,2025-01-07,Active
2723,49739,50,Current,15810.36,2025-01-08,Active
5700,6790,28,Savings,139963.28,2025-01-08,Active
11784,13522,96,Fixed Deposit,7396.05,2025-01-08,Active
11962,27671,99,Current,89576.16,2025-01-08,Active
17926,44630,74,Savings,20172.83,2025-01-08,Active
24032,6995,10,Savings,38275.38,2025-01-08,Active
31510,46032,29,NRI,94236.68,2025-01-08,Active
33932,43883,54,Savings,8119.24,2025-01-08,Active
40596,25525,42,Salary,38804.23,2025-01-08,Active
50317,15045,56,Savings,23020.54,2025-01-08,Active
54983,19836,57,Salary,43205.67,2025-01-08,Active
56660,19676,1,Savings,15509.71,2025-01-08,Active
61589,44975,88,Salary,32001.19,2025-01-08,Active
63964,30207,29,Current,7168.35,2025-01-08,Dormant
65748,18380,42,Savings,30272.78,2025-01-08,Active
78809,42833,146,Current,55318.95,2025-01-08,Active
84640,24158,150,Savings,63845.96,2025-01-08,Active
1419,58685,1,Savings,8016.48,2025-01-09,Active
8161,1463,101,Savings,48820,2025-01-09,Closed
11539,54232,9,Savings,9334.1,2025-01-09,Active
13404,22505,48,Savings,44920.13,2025-01-09,Active
13955,34001,102,Current,20348.12,2025-01-09,Active
20547,6217,103,Current,39962.95,2025-01-09,Active
45482,17950,33,Savings,51372.06,2025-01-09,Dormant
61598,14033,24,Savings,2073.56,2025-01-09,Active
75980,49562,110,Current,65728.27,2025-01-09,Active
80569,12312,95,Savings,2015.77,2025-01-09,Dormant
92158,10890,44,Savings,7085.2,2025-01-09,Dormant
4789,22781,120,Current,4228.11,2025-01-10,Dormant
6704,639,1,Savings,56205.85,2025-01-10,Dormant
8621,1055,65,Fixed Deposit,6835.53,2025-01-10,Active
15343,52651,32,Savings,35183.36,2025-01-10,Active
16860,3876,73,Fixed Deposit,5836.06,2025-01-10,Active
32316,25544,65,Savings,35794.52,2025-01-10,Active
45544,44707,67,Savings,51710.23,2025-01-10,Active
46875,53270,16,Savings,88423.57,2025-01-10,Active
57945,52335,63,NRI,29167.44,2025-01-10,Active
62227,10400,29,Savings,20302.45,2025-01-10,Active
70830,19777,52,Fixed Deposit,123983.64,2025-01-10,Closed
71563,48082,38,Savings,137192.88,2025-01-10,Active
78950,6080,118,Current,673.21,2025-01-10,Active
8209,44732,125,Current,34327.22,2025-01-11,Active
37470,37717,150,NRI,23579.06,2025-01-11,Active
47405,33671,109,Savings,22509.18,2025-01-11,Active
53603,43929,63,Savings,85815.34,2025-01-11,Active
55470,30453,116,Salary,11652.65,2025-01-11,Active
55546,12888,9,Savings,31945.43,2025-01-11,Active
69693,42561,54,Salary,4736.48,2025-01-11,Active
88314,53819,135,Salary,151251.92,2025-01-11,Active
91352,32677,118,Fixed Deposit,100875.31,2025-01-11,Active
92101,13125,129,Salary,119841.23,2025-01-11,Dormant
93818,21537,138,Current,22176.73,2025-01-11,Active
14787,30350,74,Savings,51243.48,2025-01-12,Active
15762,13314,140,Salary,17570.59,2025-01-12,Active
18182,45618,28,Savings,52761.68,2025-01-12,Active
46517,54147,25,Current,22601.12,2025-01-12,Active
51804,23859,108,Savings,22716.31,2025-01-12,Active
54765,47629,65,Savings,728.05,2025-01-12,Active
56867,8780,69,Fixed Deposit,31055.09,2025-01-12,Active
76667,23268,34,Savings,1540.18,2025-01-12,Active
76888,57390,72,Savings,17324.78,2025-01-12,Active
82632,3589,39,Salary,9971.56,2025-01-12,Active
88880,16574,144,Current,90091.56,2025-01-12,Active
89410,12831,87,Salary,7559.25,2025-01-12,Active
8212,34148,116,Savings,3677.35,2025-01-13,Active
12704,2405,51,Savings,85519.49,2025-01-13,Active
20559,56758,142,Current,109681.2,2025-01-13,Active
31125,48984,53,Salary,31287.48,2025-01-13,Active
35902,65,48,Fixed Deposit,117469.91,2025-01-13,Dormant
45301,57842,134,Savings,37446.37,2025-01-13,Active
51962,7206,5,Savings,37539.7,2025-01-13,Active
67832,36411,112,Savings,2982.65,2025-01-13,Dormant
82648,31791,80,NRI,72701.04,2025-01-13,Active
1709,29502,26,Salary,53393.36,2025-01-14,Active
31911,46720,17,Savings,29736.74,2025-01-14,Active
33092,19589,141,Current,102685.92,2025-01-14,Active
33476,58855,86,Current,9327.88,2025-01-14,Active
41520,52141,80,Current,29499.59,2025-01-14,Active
50247,43623,134,Fixed Deposit,62080.41,2025-01-14,Active
66209,37030,128,Current,69291.4,2025-01-14,Active
66741,30431,87,Savings,10166.93,2025-01-14,Closed
71892,10954,48,Current,286848.94,2025-01-14,Active
79243,54137,76,Savings,11427,2025-01-14,Active
81322,48286,87,Salary,38335.74,2025-01-14,Active
91763,36332,97,Savings,19653.98,2025-01-14,Active
520,29164,21,Current,43821.42,2025-01-15,Active
9481,26053,113,Current,36118.59,2025-01-15,Active
16780,16521,39,Savings,15050.42,2025-01-15,Active
31992,19520,57,Savings,4930.34,2025-01-15,Dormant
37486,21205,37,Savings,288400.36,2025-01-15,Active
38970,20956,142,Savings,50053.86,2025-01-15,Active
46337,2734,128,Current,10699.2,2025-01-15,Active
46428,6737,96,Savings,43214.41,2025-01-15,Active
53112,48730,137,Current,73571.35,2025-01-15,Active
54815,42171,82,Savings,17446.16,2025-01-15,Active
58293,58944,142,Current,49350.2,2025-01-15,Dormant
58836,29166,134,Current,30963.09,2025-01-15,Dormant
72671,28506,44,Salary,4082.56,2025-01-15,Active
81131,26359,132,Savings,27396.49,2025-01-15,Active
170,9870,78,Current,21874.14,2025-01-16,Active
11984,5590,37,Fixed Deposit,35411.05,2025-01-16,Active
29235,11289,25,Savings,591.96,2025-01-16,Active
29517,28907,127,Savings,38886.24,2025-01-16,Active
42853,34498,29,NRI,80983.4,2025-01-16,Dormant
46526,28995,61,Savings,105175.8,2025-01-16,Closed
55980,6552,105,Savings,55175.24,2025-01-16,Active
61177,40890,126,Current,150450.56,2025-01-16,Active
62422,17968,47,Savings,168858.93,2025-01-16,Active
67787,29686,138,Salary,54773.46,2025-01-16,Active
69005,47070,57,Current,45150.27,2025-01-16,Active
85145,7721,7,Current,10166.89,2025-01-16,Active
92720,7322,77,Salary,17790.21,2025-01-16,Active
10128,54872,89,Current,128517.58,2025-01-17,Dormant
33513,4266,150,Salary,128094.35,2025-01-17,Active
53340,16091,82,Savings,18767.21,2025-01-17,Dormant
55785,55336,58,Savings,7463.4,2025-01-17,Active
56457,34910,28,Current,134771.54,2025-01-17,Active
61771,18390,40,Savings,83114.48,2025-01-17,Active
64774,43579,98,Savings,1603.74,2025-01-17,Closed
65019,16289,116,Fixed Deposit,80936.68,2025-01-17,Active
71751,13358,91,Savings,136890.28,2025-01-17,Active
77692,19215,12,Savings,10862.47,2025-01-17,Dormant
85959,26640,5,Savings,31765.36,2025-01-17,Active
92499,24954,54,Savings,18602.94,2025-01-17,Active
13933,29256,111,Current,2201.48,2025-01-18,Active
23124,27028,109,Savings,39480.43,2025-01-18,Active
27844,26110,139,Salary,66883.71,2025-01-18,Active
29294,44734,148,Current,7068.36,2025-01-18,Active
42466,31910,2,Salary,59785.92,2025-01-18,Active
44472,18517,46,Current,1375.22,2025-01-18,Active
47008,6412,128,Savings,36846.03,2025-01-18,Active
53611,25576,13,Salary,8452.53,2025-01-18,Active
56263,7951,45,Savings,36473.84,2025-01-18,Active
75545,6035,101,Savings,98404.06,2025-01-18,Closed
76377,19288,75,Savings,34555.4,2025-01-18,Active
78362,44101,20,Current,9705.63,2025-01-18,Active
81693,20504,24,Savings,44466.24,2025-01-18,Active
86369,6679,23,Salary,135764.71,2025-01-18,Active
28894,19946,23,Savings,14434.62,2025-01-19,Active
30265,12743,52,Salary,74277.61,2025-01-19,Closed
32993,38169,86,Salary,23397.92,2025-01-19,Active
38398,36268,140,Current,41100.26,2025-01-19,Active
39205,33102,121,Savings,12463.15,2025-01-19,Active
42307,10577,132,Current,72042.95,2025-01-19,Active
75859,20403,137,Savings,43286.71,2025-01-19,Active
76265,42342,34,Current,1088.42,2025-01-19,Active
77011,49844,9,NRI,14546.39,2025-01-19,Closed
85404,23866,138,Salary,40580.23,2025-01-19,Active
86696,6620,124,Savings,18572.46,2025-01-19,Active
87341,44102,61,Savings,19618.15,2025-01-19,Active
4010,46524,82,Salary,20932.87,2025-01-20,Active
12825,5210,26,Current,91036.36,2025-01-20,Dormant
49612,34782,24,Savings,62075.42,2025-01-20,Active
49817,43315,12,NRI,5011.21,2025-01-20,Active
66219,31441,14,Current,119753.51,2025-01-20,Active
70526,10557,134,Current,52771.91,2025-01-20,Active
76797,52100,15,Savings,5088.79,2025-01-20,Active
87600,23638,146,Current,47330.95,2025-01-20,Active
88231,43938,31,Current,38861.61,2025-01-20,Active
3575,42229,86,Fixed Deposit,30224.37,2025-01-21,Active
5573,14093,3,Savings,38852.24,2025-01-21,Active
23334,18770,62,Savings,23675.54,2025-01-21,Dormant
25179,6604,77,Savings,196775.9,2025-01-21,Active
27118,18784,98,Savings,24294.43,2025-01-21,Active
35112,12478,28,Savings,86019.41,2025-01-21,Active
54624,30423,43,Current,7858.71,2025-01-21,Active
64419,58364,124,Current,5682.45,2025-01-21,Closed
66751,47168,88,Savings,43506.56,2025-01-21,Active
92420,44245,31,Salary,9807.95,2025-01-21,Active
2493,14424,18,Current,12614.8,2025-01-22,Active
31265,57614,40,Savings,52224.97,2025-01-22,Closed
43746,21765,6,Savings,28509.11,2025-01-22,Active
51129,32408,11,Savings,5840.81,2025-01-22,Active
58370,25241,96,Savings,214436.82,2025-01-22,Active
71071,42791,101,Current,15490.87,2025-01-22,Active
84647,46914,10,Fixed Deposit,22619.68,2025-01-22,Active
91095,22442,123,Current,20312.52,2025-01-22,Active
2460,53837,63,Savings,113567.82,2025-01-23,Active
5967,671,126,Savings,42013.44,2025-01-23,Active
10311,45369,105,Current,1224.44,2025-01-23,Active
10574,41235,21,Salary,68247.86,2025-01-23,Active
23712,16468,119,Savings,31989.9,2025-01-23,Active
34446,13681,127,Savings,24859.57,2025-01-23,Active
38357,6928,9,Savings,13013.26,2025-01-23,Active
38903,35237,75,Fixed Deposit,110787.45,2025-01-23,Active
47603,42819,34,Savings,5178.86,2025-01-23,Active
54113,53308,7,Savings,5847.56,2025-01-23,Active
60911,33424,29,Savings,12207.85,2025-01-23,Active
65698,13864,107,Salary,1103.57,2025-01-23,Active
88930,4729,139,Salary,57826.73,2025-01-23,Active
91243,23967,82,Savings,79768.87,2025-01-23,Dormant
23228,20679,102,Savings,60060.48,2025-01-24,Active
39892,25980,89,Savings,89902.86,2025-01-24,Active
52113,27184,128,Savings,12067.01,2025-01-24,Active
72308,27277,78,Savings,66516.01,2025-01-24,Active
79932,49523,49,Savings,85028.51,2025-01-24,Closed
81785,30085,101,Savings,137169.92,2025-01-24,Active
90511,5890,97,Salary,14699.81,2025-01-24,Active
92998,10891,84,Salary,1435.21,2025-01-24,Active
93620,2780,48,Current,7144.51,2025-01-24,Active
6564,47914,130,Savings,14696.74,2025-01-25,Active
23208,1812,64,Fixed Deposit,36913.85,2025-01-25,Active
28416,35231,23,Savings,109323.69,2025-01-25,Active
46027,47669,9,Savings,5485.2,2025-01-25,Active
93261,2896,80,Fixed Deposit,71884.59,2025-01-25,Active
93927,6631,70,Savings,27551.3,2025-01-25,Active
10387,44184,21,Savings,66556.41,2025-01-26,Active
12602,25170,3,Savings,7001.49,2025-01-26,Active
14398,55970,64,Savings,68874.93,2025-01-26,Active
39342,48785,85,Current,18491.97,2025-01-26,Active
48633,13042,8,Savings,10397.44,2025-01-26,Active
52840,59318,100,Salary,30654.24,2025-01-26,Active
53319,50829,122,Current,33184.88,2025-01-26,Active
56367,50464,63,Fixed Deposit,11859.58,2025-01-26,Active
67780,6582,107,Savings,160866.88,2025-01-26,Active
6463,17933,144,Current,82481.92,2025-01-27,Active
12678,29401,22,Current,15720.32,2025-01-27,Active
13949,30448,72,Savings,97637.91,2025-01-27,Active
33119,1578,142,Current,10700.57,2025-01-27,Active
38857,15954,110,Current,31929.7,2025-01-27,Active
9275,13281,62,NRI,17269.99,2025-01-28,Active
11355,53540,63,Savings,92841.29,2025-01-28,Active
19135,4740,114,Savings,59325.86,2025-01-28,Active
27551,30211,129,Savings,246726.34,2025-01-28,Dormant
29820,21337,85,Current,70205.55,2025-01-28,Active
31777,32942,121,Savings,6104.36,2025-01-28,Active
35878,4198,28,NRI,15723.23,2025-01-28,Active
43926,46621,23,Salary,38083.43,2025-01-28,Dormant
53473,26945,14,Salary,20727.93,2025-01-28,Active
75775,52628,115,Fixed Deposit,71385.9,2025-01-28,Active
80420,27722,34,Savings,31861.53,2025-01-28,Active
83522,47935,123,Salary,4042.57,2025-01-28,Active
86215,54396,7,Salary,30692.26,2025-01-28,Active
92384,23248,98,Current,19586.89,2025-01-28,Active
9373,20151,22,Savings,44215.07,2025-01-29,Active
12799,22116,129,Current,17487.02,2025-01-29,Active
14557,30911,38,Savings,41924.92,2025-01-29,Active
14606,56528,29,Fixed Deposit,107173.15,2025-01-29,Active
27519,4295,133,Savings,29152.81,2025-01-29,Active
48969,55012,16,Current,8501.07,2025-01-29,Active
68108,38431,121,Savings,3772.5,2025-01-29,Active
70615,51751,31,NRI,25011.68,2025-01-29,Active
74296,39761,31,Savings,26433.46,2025-01-29,Active
75704,18984,136,Salary,95372.29,2025-01-29,Active
77399,27140,83,Current,27936.57,2025-01-29,Active
13510,24706,21,Savings,26172.98,2025-01-30,Active
16150,56307,83,Savings,8476.01,2025-01-30,Active
21957,10128,3,Fixed Deposit,69882.44,2025-01-30,Active
40838,36618,14,Salary,6529.61,2025-01-30,Active
48403,13696,69,Savings,217746.05,2025-01-30,Closed
53164,57972,43,Savings,37495.03,2025-01-30,Active
53567,3612,19,Savings,7988.14,2025-01-30,Dormant
62082,22094,106,Savings,3766.7,2025-01-30,Active
64805,56664,7,Savings,11703.63,2025-01-30,Active
76630,30495,86,Current,14213.21,2025-01-30,Active
17920,18832,127,Savings,128728.34,2025-01-31,Active
18248,46309,45,Savings,34594.24,2025-01-31,Active
28656,22410,131,Salary,17828.34,2025-01-31,Active
30121,31741,41,Fixed Deposit,42269.24,2025-01-31,Active
54272,41506,137,Savings,13926.36,2025-01-31,Active
60714,25533,9,NRI,33714.9,2025-01-31,Active
74186,41599,95,Savings,37498.17,2025-01-31,Dormant
76991,52718,82,Salary,50828.74,2025-01-31,Active
82201,46763,17,Salary,44203.25,2025-01-31,Active
83596,54398,10,Savings,43384.79,2025-01-31,Active
12627,54008,48,Savings,108911.72,2025-02-01,Active
15735,29776,24,Savings,12953.24,2025-02-01,Active
17083,31495,133,Current,64018.36,2025-02-01,Active
20239,41241,148,Savings,12033.05,2025-02-01,Closed
22030,3058,147,Savings,204261.46,2025-02-01,Active
23843,33587,133,Fixed Deposit,8743.31,2025-02-01,Active
47511,13823,139,Savings,41343.77,2025-02-01,Active
61452,10493,16,Savings,57379.78,2025-02-01,Active
75503,40790,4,Savings,19482.24,2025-02-01,Active
78451,44170,128,Savings,31855.67,2025-02-01,Active
79906,44959,64,Savings,17549.58,2025-02-01,Dormant
86286,53008,150,Salary,22659.94,2025-02-01,Active
93943,4938,149,Current,1293.36,2025-02-01,Active
15875,45575,87,Savings,6014.59,2025-02-02,Active
42161,53453,79,Salary,7201.06,2025-02-02,Active
45253,8758,93,Current,10968.8,2025-02-02,Dormant
45946,13478,85,Savings,101869.12,2025-02-02,Active
55931,32217,54,Fixed Deposit,121347.61,2025-02-02,Active
61599,3911,147,Salary,19705.35,2025-02-02,Active
63797,7574,122,Current,31866.8,2025-02-02,Active
71739,22408,16,Fixed Deposit,26240.8,2025-02-02,Dormant
91309,36488,95,Current,11662.45,2025-02-02,Active
268,45005,19,Current,54894.01,2025-02-03,Active
7763,30163,6,Savings,4461.97,2025-02-03,Closed
29368,10301,96,Savings,36997.73,2025-02-03,Active
42948,37477,53,Savings,25716.83,2025-02-03,Active
52528,40147,28,Current,15326.28,2025-02-03,Active
82324,46830,76,Savings,5710.04,2025-02-03,Active
82658,49911,4,Savings,53679.62,2025-02-03,Closed
4111,28669,111,Salary,10710.4,2025-02-04,Active
19087,8374,117,Current,22237.4,2025-02-04,Active
36973,41171,30,Savings,5512.34,2025-02-04,Active
39822,36846,125,Current,826.02,2025-02-04,Active
48448,41649,77,Salary,76828.14,2025-02-04,Closed
52621,44522,54,Savings,24284.66,2025-02-04,Active
58424,52044,27,Savings,64897.24,2025-02-04,Active
65199,15242,44,Current,15538.31,2025-02-04,Active
72363,59873,89,Savings,172174.92,2025-02-04,Active
80419,41065,32,Salary,63991.73,2025-02-04,Active
81286,9267,59,Savings,24485.48,2025-02-04,Dormant
6115,6425,57,Savings,38724.89,2025-02-05,Active
10697,12373,9,Savings,4537.74,2025-02-05,Active
21752,32137,27,Salary,44307.37,2025-02-05,Closed
26394,50631,129,Fixed Deposit,2444.15,2025-02-05,Active
29643,15852,115,Current,33920.9,2025-02-05,Active
30568,19657,60,Current,1397.99,2025-02-05,Active
38336,43441,107,Fixed Deposit,37323.71,2025-02-05,Active
42056,26854,123,Savings,26510.63,2025-02-05,Active
51995,54598,110,Savings,25450.09,2025-02-05,Active
58803,33820,140,Savings,2595.21,2025-02-05,Active
62258,11500,38,Savings,4537,2025-02-05,Active
67922,50836,27,Savings,58260.92,2025-02-05,Active
94076,45455,109,Savings,91554,2025-02-05,Active
29587,57932,82,Savings,10555.93,2025-02-06,Dormant
34367,56666,143,Savings,18451.97,2025-02-06,Active
44452,8133,5,Fixed Deposit,32189.08,2025-02-06,Active
49098,12152,79,Fixed Deposit,36150.47,2025-02-06,Active
53198,47268,62,Savings,8943.02,2025-02-06,Active
54151,47754,90,Fixed Deposit,6269.03,2025-02-06,Closed
59701,484,128,Savings,8737.22,2025-02-06,Active
60624,29636,110,Salary,73107.7,2025-02-06,Active
62004,22783,145,Current,994.84,2025-02-06,Active
70740,56619,17,Savings,3605.64,2025-02-06,Active
75521,5140,61,Salary,10447.13,2025-02-06,Dormant
75905,27153,16,Current,31884.66,2025-02-06,Active
82032,40462,29,Fixed Deposit,22445.08,2025-02-06,Active
726,1380,83,Savings,85645.31,2025-02-07,Active
12120,43623,65,Savings,100547.69,2025-02-07,Active
21515,29956,83,Savings,2075.64,2025-02-07,Active
22159,19567,3,Savings,24119.67,2025-02-07,Active
29391,25849,91,Savings,20025.23,2025-02-07,Active
30973,35073,20,Savings,16814.09,2025-02-07,Active
33961,22025,126,Current,27111.73,2025-02-07,Active
36705,33096,86,Savings,105050.45,2025-02-07,Active
42891,34854,24,Savings,14349.67,2025-02-07,Active
57699,21221,51,Savings,58070.82,2025-02-07,Active
60247,55816,13,Fixed Deposit,24557.3,2025-02-07,Active
62990,42896,88,Fixed Deposit,20160.56,2025-02-07,Active
70353,54409,51,Salary,66123.01,2025-02-07,Active
78593,4990,75,Salary,51464.21,2025-02-07,Active
81726,43490,24,NRI,7114.73,2025-02-07,Active
88111,14699,114,Savings,2848.43,2025-02-07,Active
89259,40055,140,Current,7956.44,2025-02-07,Closed
93199,54604,119,Salary,31135.79,2025-02-07,Active
7495,57486,131,Savings,14978.03,2025-02-08,Active
9147,49895,88,Salary,21683.29,2025-02-08,Active
37154,50747,96,Salary,46827.04,2025-02-08,Active
44244,26883,56,Salary,45778.81,2025-02-08,Active
55974,954,78,Salary,73214.35,2025-02-08,Dormant
59952,48295,107,Savings,32151.66,2025-02-08,Active
74248,19417,34,Current,13161.74,2025-02-08,Active
84327,3141,20,Current,6040.25,2025-02-08,Active
2215,36840,102,Fixed Deposit,31864.54,2025-02-09,Active
27669,59693,138,Savings,14407.43,2025-02-09,Active
37551,17781,61,Savings,60306.73,2025-02-09,Active
39137,36953,76,Fixed Deposit,26258.25,2025-02-09,Active
41272,17883,90,Fixed Deposit,2639.06,2025-02-09,Active
47109,18689,117,Savings,95978.49,2025-02-09,Active
49678,17067,68,Savings,142697.42,2025-02-09,Active
70910,34227,71,Fixed Deposit,20452.43,2025-02-09,Active
77238,15735,69,Salary,74860.89,2025-02-09,Dormant
89034,47302,34,Current,3770.32,2025-02-09,Active
89155,52325,120,Savings,114188.33,2025-02-09,Dormant
7975,10200,88,Salary,46705.36,2025-02-10,Closed
8737,24880,58,NRI,22268.34,2025-02-10,Active
26861,33388,18,Savings,13669.61,2025-02-10,Active
27899,18874,81,Savings,45256.22,2025-02-10,Active
28513,2714,67,Savings,55865.97,2025-02-10,Active
35449,30998,116,Savings,6687.83,2025-02-10,Active
70807,47818,89,Savings,32954.82,2025-02-10,Active
79708,30605,94,Savings,29733.78,2025-02-10,Active
5780,59422,133,Savings,41241.63,2025-02-11,Active
23042,26120,22,Savings,32189.13,2025-02-11,Active
25772,269,145,NRI,30863.79,2025-02-11,Active
36080,56425,119,Savings,27800.04,2025-02-11,Active
36107,47816,120,Savings,29684.02,2025-02-11,Active
40467,32375,84,Salary,17680.93,2025-02-11,Active
47515,50357,10,Salary,14028.93,2025-02-11,Active
47601,22866,3,NRI,48760.06,2025-02-11,Closed
50402,29257,74,Current,33491.49,2025-02-11,Active
68059,55194,76,Savings,120173.03,2025-02-11,Active
81557,7497,60,NRI,14358.32,2025-02-11,Dormant
24353,45053,91,Savings,33218.59,2025-02-12,Dormant
24912,15567,34,NRI,1545.23,2025-02-12,Active
28065,19048,1,Fixed Deposit,85592.27,2025-02-12,Dormant
59654,34330,75,Savings,37008.4,2025-02-12,Active
61573,54646,103,NRI,108873.6,2025-02-12,Active
67322,11923,64,Savings,35679.07,2025-02-12,Active
80887,29411,26,Savings,25926.84,2025-02-12,Active
88925,5542,96,Fixed Deposit,18758.62,2025-02-12,Active
93824,51037,148,Current,20572.09,2025-02-12,Active
3287,43979,17,Fixed Deposit,12617.6,2025-02-13,Active
8155,8364,111,Fixed Deposit,4087.17,2025-02-13,Active
10030,26098,37,Current,15062.23,2025-02-13,Dormant
28150,7899,12,Savings,71206.35,2025-02-13,Active
55217,44009,92,Fixed Deposit,102777.41,2025-02-13,Active
55288,3479,70,Savings,31754.54,2025-02-13,Active
65688,13668,18,Current,6493.82,2025-02-13,Active
84436,10408,112,Savings,28634.28,2025-02-13,Active
5825,33895,33,Fixed Deposit,23178.66,2025-02-14,Active
9755,4099,18,Savings,32875.92,2025-02-14,Closed
17112,11257,81,Savings,7852.11,2025-02-14,Dormant
23728,12771,139,Current,56936.39,2025-02-14,Active
24139,58485,146,Savings,55171.09,2025-02-14,Active
28204,11630,60,Savings,37893.5,2025-02-14,Closed
38377,33777,99,Savings,2532.26,2025-02-14,Active
38541,16639,120,NRI,26836.4,2025-02-14,Active
57193,52264,59,Savings,37408.86,2025-02-14,Active
59845,552,119,Current,423593.02,2025-02-14,Active
62080,8147,150,Current,83672.1,2025-02-14,Active
66910,25929,58,Current,24674.59,2025-02-14,Active
70555,42072,75,Savings,62183.73,2025-02-14,Active
72030,6115,44,Savings,33405.47,2025-02-14,Closed
75739,45740,148,Current,14689.23,2025-02-14,Active
77249,21757,117,Current,17485.41,2025-02-14,Active
4055,56342,139,Current,13852.15,2025-02-15,Active
5258,3479,27,Savings,79312.44,2025-02-15,Active
8003,53112,110,Savings,1815.06,2025-02-15,Active
8881,16376,22,Salary,36178.72,2025-02-15,Active
23377,6213,60,Savings,14664.22,2025-02-15,Active
31555,29007,144,Savings,17012.16,2025-02-15,Active
69533,22595,96,Savings,72322.53,2025-02-15,Active
71725,55815,62,Salary,17213.74,2025-02-15,Active
82850,41382,31,Savings,56777.85,2025-02-15,Dormant
88109,38545,125,Savings,51852.52,2025-02-15,Active
94683,19403,116,Savings,37993.89,2025-02-15,Active
2750,48433,22,Savings,8885.32,2025-02-16,Active
4814,42158,70,Savings,39807.26,2025-02-16,Active
16512,50155,137,Savings,122423.82,2025-02-16,Active
21535,34858,69,Savings,10982.99,2025-02-16,Active
24340,6894,62,Savings,314624.7,2025-02-16,Active
29264,16239,57,Savings,88423.25,2025-02-16,Active
29865,32467,111,Savings,8666.77,2025-02-16,Active
37407,45530,85,Salary,31371.25,2025-02-16,Active
57145,30087,98,Savings,3990.07,2025-02-16,Active
67549,55299,132,Fixed Deposit,19034.83,2025-02-16,Dormant
73871,46969,106,Salary,61038.61,2025-02-16,Active
13463,58245,48,Savings,72131.57,2025-02-17,Active
26834,27821,146,Fixed Deposit,16414.27,2025-02-17,Active
38866,35257,120,Current,48185.68,2025-02-17,Dormant
44236,54423,9,Savings,8722.95,2025-02-17,Active
49581,23104,22,Salary,133437.91,2025-02-17,Active
56499,32208,15,Savings,12884.72,2025-02-17,Active
59466,39295,16,Savings,66402.86,2025-02-17,Active
66349,38013,131,Current,10310.62,2025-02-17,Active
68362,52819,55,Savings,91869.45,2025-02-17,Active
6006,13813,55,Savings,56092.33,2025-02-18,Dormant
7981,12578,72,Salary,22805.64,2025-02-18,Active
25848,2733,4,Salary,897.15,2025-02-18,Active
36504,13790,124,Savings,73727.47,2025-02-18,Closed
56998,28036,93,Current,5928.55,2025-02-18,Active
66996,35492,16,NRI,42709.56,2025-02-18,Active
77885,29975,123,Savings,23614.81,2025-02-18,Dormant
83397,20348,129,Savings,27634.92,2025-02-18,Dormant
15004,14707,109,Savings,76599.91,2025-02-19,Active
21170,38222,95,Current,12833.8,2025-02-19,Dormant
36871,14403,85,Current,92473.28,2025-02-19,Active
44239,58365,132,Savings,10636.72,2025-02-19,Active
45364,30721,41,Savings,27926.1,2025-02-19,Active
57565,26948,8,Savings,29861.67,2025-02-19,Active
58226,57607,74,Savings,151026.78,2025-02-19,Active
64481,52963,74,Fixed Deposit,12668.22,2025-02-19,Active
67338,56210,106,Savings,107710.73,2025-02-19,Active
77804,43471,84,Savings,31625.27,2025-02-19,Dormant
78806,19122,66,Current,70711.47,2025-02-19,Active
82540,26462,150,Savings,86816.01,2025-02-19,Active
82657,23998,89,Current,120676.42,2025-02-19,Active
463,20784,148,Savings,38943.08,2025-02-20,Dormant
918,45279,137,Savings,39856.28,2025-02-20,Active
12377,53487,46,Savings,24042.14,2025-02-20,Dormant
14522,15144,10,Current,33387.68,2025-02-20,Active
21187,15668,133,Fixed Deposit,12388.44,2025-02-20,Active
24995,55878,43,Savings,67273.22,2025-02-20,Active
30335,31172,87,Savings,31260.09,2025-02-20,Active
64509,13550,34,Salary,54415.96,2025-02-20,Active
67288,34994,121,Salary,16647.48,2025-02-20,Active
68188,4978,28,Savings,52474.74,2025-02-20,Dormant
71266,57444,51,Fixed Deposit,20495.6,2025-02-20,Active
71819,38109,88,Salary,53927.19,2025-02-20,Active
80857,39870,97,Savings,66914.04,2025-02-20,Dormant
9238,24588,16,Savings,10891.72,2025-02-21,Active
27748,53278,44,Savings,57263.62,2025-02-21,Active
29350,40981,135,Savings,5769.68,2025-02-21,Dormant
47350,49387,90,Current,68224.34,2025-02-21,Active
51360,11610,74,Current,38037.68,2025-02-21,Active
57467,44615,142,Savings,51612.98,2025-02-21,Active
68097,18890,1,Savings,43277.81,2025-02-21,Active
78392,15110,88,Savings,77223.81,2025-02-21,Closed
86761,16305,26,Savings,2276.56,2025-02-21,Active
94856,54985,149,Fixed Deposit,187977.66,2025-02-21,Active
2298,51260,65,Savings,54505.7,2025-02-22,Active
12001,34900,55,NRI,22584.56,2025-02-22,Active
18512,3386,91,Salary,16838.24,2025-02-22,Active
24359,6519,109,Current,48045.54,2025-02-22,Active
40022,26503,50,Salary,19087.29,2025-02-22,Active
40362,44549,97,Savings,54445.31,2025-02-22,Active
40810,47015,71,Current,94774.72,2025-02-22,Active
47017,55032,73,Current,152513.42,2025-02-22,Active
58220,1597,2,Savings,86661.75,2025-02-22,Active
69959,46534,120,Savings,125634.54,2025-02-22,Active
72891,20847,135,Savings,2687.41,2025-02-22,Active
74010,45263,95,Salary,15995.39,2025-02-22,Active
82609,39279,109,Salary,25339.1,2025-02-22,Active
85917,10846,118,Savings,27858.04,2025-02-22,Active
504,20700,86,Savings,6676.49,2025-02-23,Active
856,22182,88,Savings,8784.15,2025-02-23,Active
10146,29696,148,Fixed Deposit,147856.93,2025-02-23,Active
30932,50112,48,Savings,19629.89,2025-02-23,Active
40026,38319,89,Savings,6527.49,2025-02-23,Active
58023,24005,44,Savings,35304.63,2025-02-23,Active
69151,46660,140,Salary,36835.9,2025-02-23,Dormant
94410,15132,124,Salary,26495.12,2025-02-23,Active
872,656,132,Fixed Deposit,7356.19,2025-02-24,Active
16581,42519,61,Current,22723.65,2025-02-24,Active
39041,15154,65,Savings,85168.51,2025-02-24,Active
55153,9834,133,Savings,41260.99,2025-02-24,Active
57894,52040,96,Fixed Deposit,78694.25,2025-02-24,Active
66093,19611,78,Salary,178020.76,2025-02-24,Active
69305,22920,109,Savings,7552.08,2025-02-24,Active
71900,46993,76,NRI,27655.86,2025-02-24,Active
72349,20103,77,NRI,63692.66,2025-02-24,Active
94460,4958,92,Savings,69162.51,2025-02-24,Active
29073,25167,26,Fixed Deposit,3794.95,2025-02-25,Active
38791,30311,134,Savings,2887.76,2025-02-25,Active
53355,1177,13,Salary,74455.95,2025-02-25,Active
60095,31133,79,Current,204313.72,2025-02-25,Active
73696,27083,54,Salary,47040.26,2025-02-25,Active
76749,18008,14,Savings,8030.18,2025-02-25,Active
86236,14606,121,Savings,163944.17,2025-02-25,Active
89935,45763,57,Savings,6026.43,2025-02-25,Active
94876,13078,97,Salary,66163.01,2025-02-25,Active
7787,32141,100,Salary,50643.71,2025-02-26,Active
59166,13388,6,Savings,135296.33,2025-02-26,Active
61680,49723,14,Savings,234720.06,2025-02-26,Active
63198,22262,123,Savings,79822,2025-02-26,Active
75053,30844,77,Savings,41912.53,2025-02-26,Active
78750,759,80,Savings,3213.54,2025-02-26,Dormant
83481,38067,122,Savings,125643.77,2025-02-26,Active
87018,1655,80,Savings,7146.59,2025-02-26,Closed
88672,11884,24,Savings,61448.88,2025-02-26,Active
92665,2086,124,Fixed Deposit,23670.29,2025-02-26,Closed
94100,12535,68,Current,39883.86,2025-02-26,Active
7052,33695,31,Savings,10974.94,2025-02-27,Active
20016,11599,32,Current,18476.16,2025-02-27,Active
62442,24845,130,Savings,7657.37,2025-02-27,Active
79234,17041,49,NRI,33533.18,2025-02-27,Active
7066,12378,71,Savings,22793.07,2025-02-28,Active
8440,20991,79,Fixed Deposit,58736.47,2025-02-28,Active
9128,44188,144,Savings,160118.24,2025-02-28,Active
11646,18985,2,Savings,36985.18,2025-02-28,Active
14706,47436,19,NRI,2079.11,2025-02-28,Active
15966,31629,109,Salary,10119.06,2025-02-28,Active
25067,42864,71,Savings,31450.31,2025-02-28,Active
25902,2983,34,Savings,113465.4,2025-02-28,Active
36743,23627,150,Current,4238.64,2025-02-28,Active
62020,15418,91,Current,25934.09,2025-02-28,Dormant
69527,50732,58,Savings,42143.46,2025-02-28,Active
90227,48062,60,Current,66854.47,2025-02-28,Active
9517,17111,65,Fixed Deposit,40474.1,2025-03-01,Active
21476,56064,60,Savings,8213.08,2025-03-01,Active
29805,37172,46,Savings,10450.74,2025-03-01,Active
43383,45706,25,Salary,56022.82,2025-03-01,Active
49409,48020,57,Current,8928.82,2025-03-01,Active
49547,9004,51,Current,8455.81,2025-03-01,Active
50844,13702,28,Salary,2178.94,2025-03-01,Active
52064,50406,63,Savings,34495.57,2025-03-01,Active
54539,13202,90,Savings,2087.71,2025-03-01,Closed
60228,21684,115,Savings,13557.46,2025-03-01,Active
65358,34183,53,NRI,125997.73,2025-03-01,Active
68509,10569,21,Savings,8786.74,2025-03-01,Active
88598,36227,6,Savings,30574.16,2025-03-01,Active
877,36266,148,Fixed Deposit,18726.68,2025-03-02,Active
3567,2193,104,Salary,69417.73,2025-03-02,Active
6244,19856,132,Current,44558.47,2025-03-02,Active
13506,34270,141,Savings,25147.5,2025-03-02,Active
14315,7771,42,NRI,179775.64,2025-03-02,Dormant
22122,39139,141,Salary,85720.84,2025-03-02,Active
23110,32040,10,Savings,62091.14,2025-03-02,Active
34299,3849,106,Current,78188.33,2025-03-02,Active
54455,13667,55,Savings,15024.8,2025-03-02,Active
56550,6693,150,NRI,2158.01,2025-03-02,Active
67023,6813,96,Savings,19379.7,2025-03-02,Active
74949,9273,91,Savings,7426.99,2025-03-02,Active
77646,58060,81,Savings,64560.9,2025-03-02,Active
82482,40870,136,Savings,5714.69,2025-03-02,Active
84513,9564,43,Salary,78081.48,2025-03-02,Active
86380,23990,144,Salary,111482.56,2025-03-02,Active
87075,20923,5,Savings,8018.16,2025-03-02,Active
9864,40140,6,Savings,34300.34,2025-03-03,Active
14017,57967,94,Current,31566.99,2025-03-03,Active
17941,53942,7,Current,58790.43,2025-03-03,Active
17992,31891,145,Savings,8235.42,2025-03-03,Active
25395,13521,40,NRI,278214.86,2025-03-03,Active
34946,44020,125,Savings,42924.66,2025-03-03,Active
67289,15974,109,Savings,52644.17,2025-03-03,Active
68531,42277,146,Savings,51595.32,2025-03-03,Active
76848,38543,2,Salary,42294.02,2025-03-03,Active
80783,9687,127,Savings,41353.86,2025-03-03,Active
15370,14047,89,Savings,91562.55,2025-03-04,Active
20555,5572,108,NRI,44534.41,2025-03-04,Active
21087,44260,82,Savings,11733.36,2025-03-04,Active
24297,45788,22,Savings,23359.06,2025-03-04,Closed
29056,26692,148,Savings,573.95,2025-03-04,Active
33029,33148,41,Fixed Deposit,119712.68,2025-03-04,Active
44924,28330,28,Savings,100124.88,2025-03-04,Active
46910,50660,92,NRI,71500.99,2025-03-04,Active
51002,59335,60,Savings,12502.4,2025-03-04,Active
74448,53872,97,Savings,2376.17,2025-03-04,Active
83446,42241,50,Savings,19539.27,2025-03-04,Active
88094,50646,106,Savings,7417.92,2025-03-04,Active
92220,8144,109,Current,189853.99,2025-03-04,Active
1271,41846,56,Fixed Deposit,3143.37,2025-03-05,Active
10908,9993,60,Fixed Deposit,6639.43,2025-03-05,Active
10941,24966,32,Salary,98466.8,2025-03-05,Active
13055,25668,63,Savings,4016.74,2025-03-05,Active
23710,44374,98,Current,6130.66,2025-03-05,Active
26886,25622,74,Current,2541.03,2025-03-05,Active
46118,37621,89,Current,73923.38,2025-03-05,Active
49451,31954,65,Current,3906.98,2025-03-05,Active
55220,34093,6,Savings,90551.43,2025-03-05,Dormant
61178,11557,19,Current,66525.19,2025-03-05,Dormant
63455,51539,103,Savings,25326.36,2025-03-05,Active
69563,26619,5,Savings,75261.64,2025-03-05,Active
84354,44776,145,Salary,18323.37,2025-03-05,Active
87621,29615,21,Savings,65174.77,2025-03-05,Active
91147,20312,95,Current,37559.01,2025-03-05,Active
3000,55106,11,NRI,183921.74,2025-03-06,Active
9335,51465,5,Savings,13167.63,2025-03-06,Active
10020,50569,16,Savings,132942.46,2025-03-06,Active
13793,39178,90,Savings,67935.53,2025-03-06,Dormant
20017,34332,76,Salary,399974.37,2025-03-06,Active
78061,33363,139,Savings,70085.44,2025-03-06,Active
88438,38725,83,Salary,26536.06,2025-03-06,Active
92213,34618,116,Fixed Deposit,26369.33,2025-03-06,Dormant
7074,40245,52,Salary,13132.9,2025-03-07,Active
15755,6594,88,Salary,31670.23,2025-03-07,Active
32352,39446,55,Savings,21472.08,2025-03-07,Active
32730,18325,17,Savings,46620.62,2025-03-07,Active
42084,46570,35,Fixed Deposit,2176.61,2025-03-07,Active
59797,14635,35,Savings,43198.16,2025-03-07,Active
64344,31913,112,Savings,37683.42,2025-03-07,Closed
65574,3961,132,Current,4829.03,2025-03-07,Active
69512,9082,127,Fixed Deposit,515.98,2025-03-07,Active
83105,17797,121,Savings,47295.66,2025-03-07,Active
16972,1968,4,Current,5407.58,2025-03-08,Active
44176,37598,72,Savings,14730.58,2025-03-08,Active
45356,20471,134,Fixed Deposit,67378.77,2025-03-08,Active
47059,24700,46,Fixed Deposit,54756.97,2025-03-08,Active
50904,5576,107,Salary,18134.19,2025-03-08,Active
53767,5950,80,Savings,71209.52,2025-03-08,Active
54762,32347,60,Savings,12728.13,2025-03-08,Active
58368,44745,112,Savings,158979.45,2025-03-08,Active
69933,50807,20,Savings,36694.09,2025-03-08,Active
74862,20810,99,Savings,27157.19,2025-03-08,Active
81598,44869,100,NRI,15070.56,2025-03-08,Active
91122,33600,71,Savings,11968.6,2025-03-08,Active
33727,27882,43,Salary,38113.81,2025-03-09,Active
35237,10005,57,Savings,167915.16,2025-03-09,Active
45639,36881,138,Current,55866.85,2025-03-09,Active
48596,50593,66,Savings,17379.56,2025-03-09,Active
53892,17582,119,Savings,88389.68,2025-03-09,Active
70991,21149,140,Current,8370.28,2025-03-09,Active
805,8145,4,Salary,11837.04,2025-03-10,Active
9402,42968,142,Savings,703.56,2025-03-10,Active
11578,8231,102,Current,20336.68,2025-03-10,Active
20258,37335,17,Fixed Deposit,26975,2025-03-10,Active
42140,26878,40,Savings,107112.12,2025-03-10,Closed
56311,46524,131,Savings,34055.05,2025-03-10,Active
64460,58282,51,Savings,729.73,2025-03-10,Active
65447,38810,35,Savings,58834,2025-03-10,Active
71275,7385,150,Fixed Deposit,24987.01,2025-03-10,Active
71802,36098,119,Savings,34901.31,2025-03-10,Active
73859,37381,17,Current,112431.82,2025-03-10,Active
80322,17074,97,Salary,42325.41,2025-03-10,Dormant
85609,20760,121,NRI,89675.34,2025-03-10,Dormant
86153,17625,17,Savings,55586.96,2025-03-10,Active
86294,46596,36,Savings,22804.34,2025-03-10,Active
90864,58999,17,Savings,26214.11,2025-03-10,Active
90929,32456,56,Savings,78654.56,2025-03-10,Active
91076,30340,91,Fixed Deposit,59772.75,2025-03-10,Active
2130,48173,49,Savings,20353.39,2025-03-11,Active
20194,47967,13,Savings,9079.2,2025-03-11,Active
24355,44761,139,Savings,5296.06,2025-03-11,Active
37757,49997,18,NRI,13052.17,2025-03-11,Active
48289,54269,139,Savings,12589.33,2025-03-11,Active
54592,17618,58,Savings,22992.27,2025-03-11,Active
79700,41438,150,Salary,11332.27,2025-03-11,Active
89970,17292,1,Savings,213114.98,2025-03-11,Active
6823,27638,59,Savings,30179.79,2025-03-12,Active
8035,8549,103,Current,1730.48,2025-03-12,Active
25198,27248,92,Current,27886.59,2025-03-12,Active
40585,56876,10,Current,109879.34,2025-03-12,Active
69969,8118,55,Savings,10335.48,2025-03-12,Active
73870,58247,130,Savings,27279.19,2025-03-12,Active
7505,11123,139,Current,43796.6,2025-03-13,Active
7750,22731,138,Savings,23681.89,2025-03-13,Active
11964,1573,132,Salary,109143.05,2025-03-13,Active
23319,41407,127,Salary,46855.05,2025-03-13,Active
32467,38602,115,Salary,33421.07,2025-03-13,Active
34200,37749,23,Savings,10678.87,2025-03-13,Active
41614,38548,135,NRI,30967.91,2025-03-13,Active
42457,58050,84,Savings,3607.33,2025-03-13,Active
46761,43212,126,Savings,38609.17,2025-03-13,Active
73109,36497,96,Salary,210569.44,2025-03-13,Active
81842,19134,120,Savings,17995.3,2025-03-13,Active
86180,42383,129,Savings,119318.85,2025-03-13,Active
4026,54248,83,Savings,1622.81,2025-03-14,Active
5515,52627,118,Savings,19898.96,2025-03-14,Active
8883,32333,2,Fixed Deposit,15242.62,2025-03-14,Active
9636,25213,45,Current,118026.56,2025-03-14,Active
16956,30616,102,Current,24308.43,2025-03-14,Dormant
46028,47010,85,Savings,40519.5,2025-03-14,Active
46862,32274,27,Salary,2761.16,2025-03-14,Active
52694,59260,114,Current,6198.71,2025-03-14,Active
56981,49409,72,Savings,42715.8,2025-03-14,Active
70236,46536,20,Savings,57858.19,2025-03-14,Dormant
74891,30685,89,NRI,72384.28,2025-03-14,Active
76615,56511,145,Savings,36081.78,2025-03-14,Active
77700,20880,146,Savings,9990.98,2025-03-14,Closed
86287,56371,27,Current,990.15,2025-03-14,Active
87402,38303,14,Savings,6424.64,2025-03-14,Active
9976,1302,136,Savings,28576.3,2025-03-15,Active
23625,54155,75,Fixed Deposit,57090.53,2025-03-15,Active
32816,5649,23,Salary,24618.92,2025-03-15,Active
38972,34976,133,Fixed Deposit,81210.13,2025-03-15,Active
51120,31335,136,Salary,13725.74,2025-03-15,Active
56949,5795,113,Salary,33564.37,2025-03-15,Active
66654,31477,44,Current,105924.85,2025-03-15,Active
69143,24921,119,Savings,12118.81,2025-03-15,Closed
85770,40008,106,Fixed Deposit,8679.78,2025-03-15,Active
94821,2872,24,Savings,12776.39,2025-03-15,Active
1694,58736,23,Savings,20121.9,2025-03-16,Active
2014,24169,59,Savings,9890,2025-03-16,Active
10308,4937,64,Salary,14114.07,2025-03-16,Active
14619,5259,121,Current,59180.18,2025-03-16,Dormant
19320,11038,76,Current,3776.09,2025-03-16,Active
19342,44025,86,Fixed Deposit,84555.42,2025-03-16,Active
26477,28138,71,Savings,13295.38,2025-03-16,Active
28535,41893,73,Savings,29205.36,2025-03-16,Active
30753,19003,80,Salary,21515.25,2025-03-16,Active
42344,37840,49,Savings,18051.7,2025-03-16,Active
50555,2181,116,Savings,130400.49,2025-03-16,Active
50581,6922,74,Savings,25609.18,2025-03-16,Dormant
57935,6487,57,Current,80526.84,2025-03-16,Active
61880,28282,108,Savings,35723.14,2025-03-16,Active
73131,54892,12,Savings,58899.91,2025-03-16,Active
75724,8919,58,Salary,56288.47,2025-03-16,Active
75857,26356,63,Savings,4065.63,2025-03-16,Active
78214,50403,127,Savings,41332.56,2025-03-16,Active
79043,26361,126,Current,26703.01,2025-03-16,Active
79960,20621,3,Savings,18205.93,2025-03-16,Active
85766,32830,80,Savings,46071.47,2025-03-16,Active
94109,25162,130,Salary,37535.55,2025-03-16,Active
5270,49623,40,NRI,167030.04,2025-03-17,Active
6963,43642,150,Savings,112653.62,2025-03-17,Active
6987,20873,1,Salary,104889.36,2025-03-17,Active
7836,27296,146,Savings,142954.75,2025-03-17,Active
8988,18811,51,Savings,31987.9,2025-03-17,Active
11206,33481,102,Fixed Deposit,9804.73,2025-03-17,Active
11667,12142,75,Savings,58477.42,2025-03-17,Active
20952,20786,67,Current,11756.44,2025-03-17,Active
27781,19403,20,Current,63701.01,2025-03-17,Active
32047,20545,104,Fixed Deposit,16099.67,2025-03-17,Active
48972,50966,9,Salary,53795.45,2025-03-17,Active
49115,21963,51,Current,7255.25,2025-03-17,Dormant
49317,311,79,Savings,8854.94,2025-03-17,Active
51408,22390,41,Savings,3084.84,2025-03-17,Active
55018,37622,31,Current,36733.49,2025-03-17,Dormant
66621,502,30,Current,14849.12,2025-03-17,Closed
67636,250,2,NRI,11055.52,2025-03-17,Active
79588,54160,10,Fixed Deposit,24075.32,2025-03-17,Active
94415,11236,51,Fixed Deposit,33874.06,2025-03-17,Dormant
50343,17698,147,Savings,31426.07,2025-03-18,Active
52378,24121,32,Savings,5647.29,2025-03-18,Closed
52769,35479,43,Savings,24834.78,2025-03-18,Active
55981,4227,63,Current,181259.84,2025-03-18,Active
70147,39672,88,Current,25939.95,2025-03-18,Active
70200,23984,71,Salary,1589.08,2025-03-18,Active
77889,8925,52,Current,26109.39,2025-03-18,Active
87753,40958,12,Current,12896.09,2025-03-18,Dormant
93140,28345,136,Current,66858.07,2025-03-18,Active
16207,40160,74,Savings,139787.72,2025-03-19,Active
16898,34487,120,Salary,87812.86,2025-03-19,Active
17821,11308,115,Fixed Deposit,111091.52,2025-03-19,Active
34724,51597,119,Savings,38491.04,2025-03-19,Active
36258,36896,110,Fixed Deposit,28208.15,2025-03-19,Active
36695,47934,130,NRI,23900.36,2025-03-19,Active
43255,57993,117,Savings,72661.77,2025-03-19,Active
43513,5348,73,Salary,106320.17,2025-03-19,Active
50311,50540,134,NRI,55967.41,2025-03-19,Active
67892,46831,3,Savings,22097.89,2025-03-19,Active
78747,8669,68,Savings,69494.57,2025-03-19,Active
80366,58006,108,Savings,59179.8,2025-03-19,Dormant
88061,36420,100,Savings,8860.87,2025-03-19,Active
91312,8112,105,Salary,49526.63,2025-03-19,Active
1285,43776,3,NRI,35187.58,2025-03-20,Active
12339,17948,122,Savings,25517.52,2025-03-20,Dormant
34508,37041,147,Savings,23026.62,2025-03-20,Active
36694,10914,38,Savings,30728.22,2025-03-20,Active
69539,55219,2,Current,8118.09,2025-03-20,Active
83516,22730,100,NRI,83957.36,2025-03-20,Dormant
87329,11844,65,Current,13709.98,2025-03-20,Active
90523,55682,105,Salary,19606.4,2025-03-20,Active
92126,45533,72,Current,1258.08,2025-03-20,Closed
5627,54003,1,Savings,18423.81,2025-03-21,Active
16210,22964,140,Savings,66668.76,2025-03-21,Active
17107,31985,14,Current,113847.68,2025-03-21,Active
32035,39186,45,NRI,9595.13,2025-03-21,Active
32918,6467,78,Savings,4732.42,2025-03-21,Active
34640,34806,37,Salary,7010.99,2025-03-21,Active
63316,28949,32,Salary,69608.52,2025-03-21,Active
68361,1993,5,Savings,60626.45,2025-03-21,Active
76866,26765,90,Fixed Deposit,6394.61,2025-03-21,Active
77810,30403,88,Current,57836.32,2025-03-21,Active
88535,52646,119,Salary,83787.86,2025-03-21,Active
88865,3971,2,Current,87615.2,2025-03-21,Closed
93914,37458,31,Savings,17502.31,2025-03-21,Closed
11465,21087,14,Fixed Deposit,3532.5,2025-03-22,Dormant
16501,54383,130,Savings,25923.94,2025-03-22,Active
26244,26086,2,Current,22482.29,2025-03-22,Dormant
32308,24201,62,NRI,8480.73,2025-03-22,Active
36956,45241,42,Current,19790.54,2025-03-22,Active
45786,10339,140,Current,85041.59,2025-03-22,Active
52848,55005,36,Fixed Deposit,6976.52,2025-03-22,Active
84101,46014,32,Salary,92797.01,2025-03-22,Active
165,4144,69,Fixed Deposit,36544.32,2025-03-23,Active
7689,31477,121,Fixed Deposit,11698.35,2025-03-23,Active
12335,52608,77,Savings,25697.28,2025-03-23,Active
28811,47164,37,Savings,45016.76,2025-03-23,Active
37199,19924,20,Current,45417.29,2025-03-23,Active
41866,13117,118,NRI,16853.2,2025-03-23,Active
44093,42703,34,Savings,19125.91,2025-03-23,Closed
44243,37543,71,Savings,136662.35,2025-03-23,Active
63074,37061,75,Current,10966.49,2025-03-23,Active
90792,27935,92,Current,75900.91,2025-03-23,Active
91057,59394,41,Savings,46448.83,2025-03-23,Dormant
91598,40737,65,Savings,33624.17,2025-03-23,Active
339,58062,82,Savings,12826.22,2025-03-24,Active
15886,41765,5,Current,61027.97,2025-03-24,Active
18852,19948,31,Savings,5895.05,2025-03-24,Active
21650,33423,106,Salary,3643.41,2025-03-24,Active
22655,19794,5,Savings,6618.62,2025-03-24,Active
32339,16295,68,Fixed Deposit,54999.87,2025-03-24,Active
32956,37149,89,Savings,47249.12,2025-03-24,Dormant
67845,23795,110,Savings,128216.72,2025-03-24,Active
10885,13260,83,Savings,9263.74,2025-03-25,Active
12532,4031,47,Savings,35311.88,2025-03-25,Active
12801,36312,2,Savings,22568.74,2025-03-25,Active
25193,53457,126,Savings,45393.3,2025-03-25,Active
28593,34255,39,Savings,39692.44,2025-03-25,Dormant
32828,3730,53,Savings,85964.56,2025-03-25,Dormant
38452,19502,35,Savings,20697.77,2025-03-25,Dormant
43258,46965,81,Fixed Deposit,6665.61,2025-03-25,Active
47867,15434,33,Salary,3308.39,2025-03-25,Active
47876,3931,89,Savings,18149.07,2025-03-25,Active
53120,12227,133,Savings,30044.2,2025-03-25,Active
56118,48150,18,Current,27759.8,2025-03-25,Active
62366,26331,72,Current,49739.04,2025-03-25,Active
67749,48167,63,Savings,2583.99,2025-03-25,Active
72802,52142,107,Salary,88222.53,2025-03-25,Active
75950,20388,141,Savings,3468.27,2025-03-25,Active
80276,41009,79,Current,3871.64,2025-03-25,Closed
5585,10156,49,Savings,16873.13,2025-03-26,Active
6076,42945,86,Salary,49398.83,2025-03-26,Active
10251,23792,112,Savings,99413.58,2025-03-26,Active
36883,35340,91,Savings,73843.69,2025-03-26,Active
40193,10922,32,Salary,47283.89,2025-03-26,Active
42634,56317,101,Savings,1814,2025-03-26,Active
44021,41241,72,Salary,25214.21,2025-03-26,Active
44349,26360,26,Fixed Deposit,7525.43,2025-03-26,Dormant
44782,18646,133,Savings,24930.13,2025-03-26,Active
49943,56815,3,Fixed Deposit,72948.16,2025-03-26,Closed
50534,18009,46,Savings,156835.09,2025-03-26,Active
62095,56353,103,Salary,35286.68,2025-03-26,Active
65254,9026,38,Salary,6705.7,2025-03-26,Active
70357,9673,58,Fixed Deposit,17876.04,2025-03-26,Active
76495,12449,46,Salary,12273.3,2025-03-26,Active
84799,771,144,Savings,84894.73,2025-03-26,Dormant
87355,52148,60,Current,77100.95,2025-03-26,Active
90913,48803,27,Savings,44507.13,2025-03-26,Active
93619,54420,104,Current,65058.27,2025-03-26,Dormant
601,32293,17,Savings,90680.64,2025-03-27,Active
4822,51490,13,Savings,3613.55,2025-03-27,Active
9378,51968,51,Fixed Deposit,52129.09,2025-03-27,Dormant
11289,15004,79,Current,127367.25,2025-03-27,Active
29139,32249,84,Fixed Deposit,1618.9,2025-03-27,Active
51146,26858,106,Savings,6829.6,2025-03-27,Dormant
55190,34180,78,Savings,41252.28,2025-03-27,Active
55531,18299,65,Salary,12145.44,2025-03-27,Active
56172,42871,68,Savings,22964.63,2025-03-27,Active
57741,29366,12,Salary,17724.66,2025-03-27,Active
61617,10736,93,Fixed Deposit,1874.5,2025-03-27,Dormant
68116,36052,28,Current,94618.06,2025-03-27,Closed
77988,53034,134,Savings,53705.24,2025-03-27,Active
81757,36873,102,Savings,11338.64,2025-03-27,Active
2802,47590,25,NRI,9051.18,2025-03-28,Active
12956,28830,22,Salary,90973.94,2025-03-28,Active
15707,30373,47,Savings,3177.76,2025-03-28,Active
19092,56059,28,NRI,114556.22,2025-03-28,Active
19887,22349,123,Savings,80452.24,2025-03-28,Active
39396,7902,21,Savings,46377.59,2025-03-28,Dormant
58750,47008,103,Savings,49654.63,2025-03-28,Active
65854,15623,111,Current,7680.79,2025-03-28,Active
75138,8580,41,Savings,2878.98,2025-03-28,Active
80387,47130,67,Savings,22121.92,2025-03-28,Active
384,5185,47,Salary,17922.6,2025-03-29,Active
6911,30959,91,Savings,10462.38,2025-03-29,Active
16256,14369,105,Savings,40915.56,2025-03-29,Closed
21651,13394,8,Savings,23723.35,2025-03-29,Dormant
33650,28783,1,Current,48448.72,2025-03-29,Active
39721,38434,17,Savings,92355.56,2025-03-29,Active
46189,35249,128,Savings,36953.28,2025-03-29,Active
53368,13015,113,Savings,22660.57,2025-03-29,Active
64028,14704,54,Savings,72579.02,2025-03-29,Active
72287,55115,135,Current,23507.77,2025-03-29,Active
77136,20488,42,Savings,10720.1,2025-03-29,Dormant
83783,28797,111,NRI,27723.73,2025-03-29,Active
84073,37528,14,Current,105716.73,2025-03-29,Active
89994,25730,106,Current,133376.12,2025-03-29,Active
94398,38351,4,Savings,39846.95,2025-03-29,Active
3161,38421,79,Savings,65825.93,2025-03-30,Dormant
5031,21847,74,Current,146205.7,2025-03-30,Active
8229,39610,30,Salary,52682.95,2025-03-30,Closed
9944,7908,80,Savings,3047.04,2025-03-30,Active
21382,13726,26,Current,11308.34,2025-03-30,Active
32064,18896,136,Savings,4396.4,2025-03-30,Active
35504,29081,119,Savings,99896.05,2025-03-30,Active
36385,42480,88,Savings,27494.76,2025-03-30,Active
41904,12070,19,Fixed Deposit,36379.72,2025-03-30,Active
43425,33964,36,Salary,6272.49,2025-03-30,Active
46490,6714,58,Savings,2033.41,2025-03-30,Dormant
47705,18318,90,Current,17215.72,2025-03-30,Active
55348,19170,98,Savings,43447,2025-03-30,Active
65379,19734,80,Current,82708.31,2025-03-30,Active
74167,26819,6,Savings,139171.69,2025-03-30,Active
92791,19155,78,Current,84173.77,2025-03-30,Active
3666,58476,141,Savings,49379.15,2025-03-31,Active
12088,45251,91,Savings,2792.48,2025-03-31,Active
23313,32517,27,Current,70208.46,2025-03-31,Active
27054,19941,51,Savings,29317.95,2025-03-31,Active
33487,2923,84,Savings,38030.15,2025-03-31,Active
62967,45385,144,Savings,53697.65,2025-03-31,Active
71976,58882,100,Savings,95361.79,2025-03-31,Active
76410,51413,141,Fixed Deposit,18397.53,2025-03-31,Active
270,40169,29,Current,8015.74,2025-04-01,Closed
8648,19303,29,Savings,3615.7,2025-04-01,Closed
25012,20438,92,Fixed Deposit,115850.63,2025-04-01,Active
27967,26337,27,Savings,21956.99,2025-04-01,Active
35887,23683,87,Salary,3189.42,2025-04-01,Closed
41849,48855,65,Fixed Deposit,74694.24,2025-04-01,Active
44550,17516,116,Savings,102245.84,2025-04-01,Active
54438,29090,5,Savings,23461.05,2025-04-01,Active
56334,27268,56,Savings,33255.76,2025-04-01,Active
70716,5936,93,NRI,226017.89,2025-04-01,Active
75015,31574,141,NRI,5218.54,2025-04-01,Active
82579,33656,51,Fixed Deposit,26366.23,2025-04-01,Active
85405,53733,12,Savings,32514.52,2025-04-01,Active
22663,17782,121,Savings,18298.74,2025-04-02,Active
36518,28469,89,Savings,26836.44,2025-04-02,Active
41665,22759,44,Savings,14343.62,2025-04-02,Active
63862,13675,122,Current,18245.93,2025-04-02,Active
86583,10301,108,Savings,91155.1,2025-04-02,Active
88393,32740,108,NRI,41376.77,2025-04-02,Active
94914,50715,63,Current,44966.05,2025-04-02,Dormant
29358,16016,66,Current,18106.06,2025-04-03,Active
40197,49299,143,Current,27892.25,2025-04-03,Active
55846,51155,147,Savings,8855.89,2025-04-03,Active
90977,16802,126,Current,80172.34,2025-04-03,Active
92493,19451,132,Current,12310.05,2025-04-03,Closed
161,30801,142,Savings,54435.66,2025-04-04,Dormant
5292,26998,135,Salary,12943.63,2025-04-04,Closed
23764,2228,113,Fixed Deposit,30078.58,2025-04-04,Active
28995,39697,47,Savings,21952.03,2025-04-04,Active
34509,47014,9,Savings,20740.88,2025-04-04,Dormant
41880,18212,118,Savings,38618.05,2025-04-04,Active
68894,11750,53,NRI,53669.02,2025-04-04,Active
90696,42788,57,Savings,15087.29,2025-04-04,Active
94531,11217,18,Salary,8011.5,2025-04-04,Active
9412,8449,74,Savings,26984.59,2025-04-05,Dormant
21943,23465,42,Current,44044.99,2025-04-05,Active
24162,11823,13,Fixed Deposit,131152.71,2025-04-05,Active
25962,35172,121,Savings,21245.96,2025-04-05,Active
26516,46313,50,NRI,112815.59,2025-04-05,Active
37858,30505,23,Savings,54995,2025-04-05,Active
42358,7035,141,Savings,11561.85,2025-04-05,Active
48001,48173,45,Current,95542.08,2025-04-05,Active
62074,37894,138,Current,1656.01,2025-04-05,Active
66251,45356,26,Savings,12121.5,2025-04-05,Active
67464,57534,47,Savings,8816.62,2025-04-05,Active
70321,13137,122,Salary,5406.53,2025-04-05,Closed
70330,40713,90,Fixed Deposit,47635.22,2025-04-05,Active
77764,34843,75,Current,71016.8,2025-04-05,Active
85669,48527,138,Salary,14894.99,2025-04-05,Active
92753,50462,98,Salary,54473.96,2025-04-05,Active
14724,14923,78,Current,80109.64,2025-04-06,Active
22311,126,8,Fixed Deposit,30583.58,2025-04-06,Active
23258,50723,113,Savings,2865.79,2025-04-06,Active
26032,12636,58,Savings,28764.76,2025-04-06,Active
35496,20400,33,Savings,109218.03,2025-04-06,Active
41088,29450,58,Current,26474.52,2025-04-06,Active
47639,55076,90,Savings,14874.88,2025-04-06,Active
57122,39997,139,Savings,110382.81,2025-04-06,Active
64026,35460,96,Savings,44898.39,2025-04-06,Active
73239,47302,24,Savings,29777.75,2025-04-06,Active
84326,6673,103,Savings,21082.51,2025-04-06,Active
90936,4049,67,Savings,6467.61,2025-04-06,Active
338,45572,119,Salary,87720.63,2025-04-07,Active
15174,47498,51,Savings,8128.1,2025-04-07,Dormant
16708,35010,8,Savings,13854.03,2025-04-07,Active
18115,10298,98,Current,34490.67,2025-04-07,Active
18148,33443,81,Current,14300.11,2025-04-07,Active
22249,37843,40,Savings,40945.65,2025-04-07,Active
42396,28338,115,NRI,26332.01,2025-04-07,Active
63475,29763,127,Savings,12825.24,2025-04-07,Active
64714,58179,83,Salary,11114.59,2025-04-07,Active
74881,15395,24,Fixed Deposit,132242.02,2025-04-07,Active
90587,5080,29,Savings,2925.83,2025-04-07,Closed
91991,5809,129,Salary,2897.8,2025-04-07,Active
92299,58549,108,NRI,30401.76,2025-04-07,Active
3029,24816,88,Savings,25995.77,2025-04-08,Closed
33792,49825,56,Savings,18106.26,2025-04-08,Active
37492,55130,131,Savings,68197.86,2025-04-08,Dormant
62949,58197,86,Savings,182615.91,2025-04-08,Active
83484,1465,78,Salary,46016.78,2025-04-08,Active
89062,7086,74,Current,15837.26,2025-04-08,Active
91617,28694,33,Savings,58004.49,2025-04-08,Active
8811,30302,92,Fixed Deposit,24126.85,2025-04-09,Active
9825,58998,63,Current,44160.81,2025-04-09,Active
14885,2951,24,Salary,17964.68,2025-04-09,Active
19138,32990,19,Fixed Deposit,15720.62,2025-04-09,Active
21998,17961,42,Savings,73002.2,2025-04-09,Active
25369,5851,121,Savings,7075.93,2025-04-09,Active
31868,55159,56,Salary,54788.69,2025-04-09,Active
34735,33899,103,Current,104376.89,2025-04-09,Active
38133,39505,116,Savings,55075.49,2025-04-09,Dormant
62367,18724,130,Salary,2036.44,2025-04-09,Active
75281,36257,106,Salary,21435.41,2025-04-09,Dormant
83872,14663,83,Current,46949.27,2025-04-09,Dormant
93513,40728,139,Salary,32800.72,2025-04-09,Active
914,31641,124,Savings,24593.65,2025-04-10,Active
5758,57151,27,Savings,31025.75,2025-04-10,Dormant
9764,53090,41,Salary,131030.43,2025-04-10,Active
18132,35672,150,Savings,12744.48,2025-04-10,Active
20384,51713,96,Current,137680.97,2025-04-10,Dormant
50185,4198,81,Savings,107729,2025-04-10,Active
57900,6081,4,Savings,25789.54,2025-04-10,Active
65612,59369,78,Savings,12815.51,2025-04-10,Active
70945,3059,59,Current,23094.24,2025-04-10,Active
80782,12927,53,Savings,39606.17,2025-04-10,Active
88110,22919,126,Savings,76864.55,2025-04-10,Closed
89190,13346,141,Savings,41236.35,2025-04-10,Active
91411,24166,72,Savings,18178.47,2025-04-10,Active
2243,14147,73,Savings,17331.89,2025-04-11,Active
18678,13027,131,Savings,49961.09,2025-04-11,Active
22789,57210,9,Savings,46193.94,2025-04-11,Active
25047,16372,70,Savings,36960.76,2025-04-11,Active
26353,9492,63,NRI,29219.86,2025-04-11,Active
42319,46,53,Savings,10078.49,2025-04-11,Active
49185,2985,103,Current,14376.38,2025-04-11,Active
56925,27471,59,Salary,99895.78,2025-04-11,Active
61857,29215,45,Current,11016.62,2025-04-11,Active
65659,11130,149,Savings,6509.42,2025-04-11,Dormant
67368,3435,130,Salary,89105.3,2025-04-11,Active
71981,45851,79,Current,173927.59,2025-04-11,Active
85895,38117,86,Savings,28383.69,2025-04-11,Dormant
88019,13060,65,Savings,100955.57,2025-04-11,Active
93632,21931,32,Salary,13643.07,2025-04-11,Active
455,24285,53,NRI,89163.38,2025-04-12,Active
4794,2087,57,Savings,53257.87,2025-04-12,Active
5813,54117,110,Fixed Deposit,24619.63,2025-04-12,Active
15534,23386,13,Current,21823.9,2025-04-12,Active
17330,11419,128,Salary,3451.07,2025-04-12,Active
35347,14321,21,Current,21864.86,2025-04-12,Active
47413,4283,126,Savings,12709.94,2025-04-12,Active
51178,27488,91,Savings,6459.78,2025-04-12,Active
51397,27639,68,Fixed Deposit,41959.49,2025-04-12,Active
56847,8834,99,Fixed Deposit,7419.31,2025-04-12,Active
84768,17383,4,Fixed Deposit,7429.46,2025-04-12,Active
85647,25937,95,Current,111611.29,2025-04-12,Active
91280,14231,57,Savings,13019.35,2025-04-12,Active
6380,42510,119,Savings,17020.2,2025-04-13,Active
13236,48557,42,Current,131370.68,2025-04-13,Active
24587,12656,140,Savings,128667.46,2025-04-13,Active
51377,6166,28,Salary,125175.15,2025-04-13,Active
61718,15598,53,Savings,20052.92,2025-04-13,Active
66369,8222,147,Salary,9625.29,2025-04-13,Active
67861,51737,149,Savings,37799.12,2025-04-13,Active
69042,34826,12,Savings,16026.39,2025-04-13,Active
69324,1598,103,Savings,28193.94,2025-04-13,Dormant
73994,53977,1,Savings,64870.89,2025-04-13,Active
84937,13951,91,Current,43215.62,2025-04-13,Active
85278,27765,134,Savings,75377.37,2025-04-13,Active
86890,19837,143,Fixed Deposit,38485.69,2025-04-13,Active
15049,41493,78,Savings,46203.83,2025-04-14,Active
17317,20804,105,Current,8889.02,2025-04-14,Active
17765,34181,127,Savings,59569.35,2025-04-14,Active
29303,45547,99,Fixed Deposit,64557.02,2025-04-14,Active
48068,56855,102,Savings,14321.84,2025-04-14,Dormant
54293,40972,31,Savings,13711.46,2025-04-14,Active
68336,11421,16,Savings,128828.44,2025-04-14,Active
76301,7681,120,Savings,13032.72,2025-04-14,Active
77357,45369,116,Savings,20069.37,2025-04-14,Active
82891,13630,44,Current,144779.64,2025-04-14,Active
88517,40466,130,Savings,76599.53,2025-04-14,Active
90410,5279,9,Savings,57236.37,2025-04-14,Active
991,33989,113,Savings,60338.81,2025-04-15,Active
13204,18270,71,Salary,28705.83,2025-04-15,Closed
20452,47288,129,Savings,99902.68,2025-04-15,Active
41546,6351,117,Savings,41829.95,2025-04-15,Active
43133,57360,135,Salary,1577.43,2025-04-15,Active
43738,9655,16,Salary,25264.09,2025-04-15,Active
53541,5826,36,Salary,27274.39,2025-04-15,Active
54389,31861,22,Salary,48314.04,2025-04-15,Active
55711,14440,45,Savings,35864.91,2025-04-15,Dormant
56737,22822,77,Current,20482.34,2025-04-15,Active
77091,34388,122,Salary,124368.2,2025-04-15,Active
81110,35413,123,Savings,42882.81,2025-04-15,Dormant
85502,2629,13,Current,14099.1,2025-04-15,Active
87028,21070,86,Savings,124895.68,2025-04-15,Active
92913,37193,23,Savings,44106.29,2025-04-15,Active
5751,44697,78,Savings,36654.69,2025-04-16,Active
16421,3316,72,Current,33862.04,2025-04-16,Active
30591,24710,64,Savings,133869.36,2025-04-16,Active
39392,17098,48,Savings,14563.74,2025-04-16,Active
44023,42572,56,Current,65251.67,2025-04-16,Active
48180,42007,113,NRI,16231.14,2025-04-16,Active
58196,16534,52,Savings,99051.95,2025-04-16,Active
68620,34320,105,Savings,80686.95,2025-04-16,Active
75996,4979,10,Savings,28501.15,2025-04-16,Active
81829,56131,1,Current,32883.84,2025-04-16,Active
87876,40281,131,Salary,11681.7,2025-04-16,Active
91660,16868,108,Savings,76006.98,2025-04-16,Active
93628,43269,5,Fixed Deposit,35897.95,2025-04-16,Active
4519,24219,66,Savings,38381.02,2025-04-17,Active
19806,26879,52,Savings,37219.3,2025-04-17,Active
22657,49868,11,Savings,2236.33,2025-04-17,Active
23430,25917,55,Savings,10481.42,2025-04-17,Dormant
26570,21943,6,Savings,36668.75,2025-04-17,Active
38371,55187,63,NRI,9595.22,2025-04-17,Dormant
44214,53985,44,Savings,8209.72,2025-04-17,Active
53175,15944,96,Current,183811.68,2025-04-17,Active
57715,22825,113,Salary,23682.89,2025-04-17,Active
60803,25406,55,Savings,3419.23,2025-04-17,Active
65455,34288,137,Savings,2814.05,2025-04-17,Active
72653,4765,58,Fixed Deposit,131862.66,2025-04-17,Active
74509,30270,55,Savings,79577.22,2025-04-17,Active
90138,14450,136,Current,38968.15,2025-04-17,Active
3130,50423,3,Savings,31248.23,2025-04-18,Active
3408,45698,43,Salary,16837.21,2025-04-18,Active
5091,18937,35,Savings,125164.58,2025-04-18,Active
8359,31113,93,Savings,23044.84,2025-04-18,Active
9881,9874,24,Savings,51378.48,2025-04-18,Active
42481,58766,123,Fixed Deposit,45035.33,2025-04-18,Active
49267,50180,80,Fixed Deposit,20511.35,2025-04-18,Closed
56613,29780,66,Savings,14615.74,2025-04-18,Active
56919,36159,10,Current,16092.59,2025-04-18,Active
60894,35888,144,Savings,117461.1,2025-04-18,Active
66659,57235,43,Savings,65473.24,2025-04-18,Active
71687,35089,53,Savings,19887.06,2025-04-18,Active
80656,10231,113,Savings,144443.7,2025-04-18,Active
92945,620,22,Current,930.23,2025-04-18,Active
4486,27300,25,Savings,13359.52,2025-04-19,Active
5917,9293,143,Savings,69877.13,2025-04-19,Active
8580,11955,104,NRI,170237.93,2025-04-19,Active
14468,41616,20,Savings,8179.07,2025-04-19,Active
22493,15769,140,Savings,12202.09,2025-04-19,Active
24787,13841,55,Savings,4276.61,2025-04-19,Active
31362,24075,25,Savings,9496.92,2025-04-19,Active
48658,43335,58,Savings,76739.02,2025-04-19,Active
57377,28015,115,Savings,4236.73,2025-04-19,Active
67045,16272,130,Savings,83951.54,2025-04-19,Active
77259,57081,42,Salary,71156.17,2025-04-19,Dormant
77701,40656,3,Current,22697.89,2025-04-19,Active
6577,46741,82,Salary,53527.75,2025-04-20,Active
9167,56183,109,Savings,109608.73,2025-04-20,Active
9203,51872,86,Savings,5727.53,2025-04-20,Active
13381,46133,135,Fixed Deposit,109475.58,2025-04-20,Active
19323,39760,148,Salary,98118.45,2025-04-20,Active
25774,7939,35,Current,104452.81,2025-04-20,Dormant
31219,51331,135,Savings,5233.6,2025-04-20,Active
56255,56728,149,Current,30776.16,2025-04-20,Active
66688,19628,20,Salary,259007.76,2025-04-20,Active
73111,38175,129,Savings,45522.61,2025-04-20,Active
81760,27099,23,Current,14637.14,2025-04-20,Active
86662,33294,22,Savings,22075.44,2025-04-20,Active
87256,29518,82,Current,17993.96,2025-04-20,Active
88294,45911,146,Salary,9938.14,2025-04-20,Active
10911,26886,49,Current,4786.46,2025-04-21,Active
15698,23191,45,Salary,32353.03,2025-04-21,Active
17626,48165,39,Savings,75985.2,2025-04-21,Closed
18467,1294,115,Fixed Deposit,11962.53,2025-04-21,Active
23838,14625,138,Fixed Deposit,10752.23,2025-04-21,Active
26036,45136,103,Savings,93009.54,2025-04-21,Active
26867,1294,49,Savings,3152.53,2025-04-21,Closed
35149,36664,17,Fixed Deposit,53833.48,2025-04-21,Active
39484,8013,120,Current,21680.19,2025-04-21,Active
48708,9913,131,Savings,16822.32,2025-04-21,Active
59588,58051,31,NRI,12455.94,2025-04-21,Active
62021,58525,70,Current,15266.21,2025-04-21,Dormant
72218,806,60,Savings,33769.41,2025-04-21,Active
78292,29050,43,Current,114055.58,2025-04-21,Active
87968,246,110,Savings,57751.52,2025-04-21,Active
94273,10478,67,Savings,47911.57,2025-04-21,Active
9245,51100,101,Savings,73429,2025-04-22,Active
10894,8195,90,Fixed Deposit,130115.87,2025-04-22,Active
21712,7593,19,Savings,62120.95,2025-04-22,Active
22231,8014,23,Savings,71790.21,2025-04-22,Active
29727,17618,20,Savings,89418.99,2025-04-22,Active
32988,27556,118,Savings,41949.56,2025-04-22,Active
39227,17958,57,Savings,16896.25,2025-04-22,Active
40935,31762,110,Current,6975.85,2025-04-22,Dormant
49603,39436,126,Savings,5466.51,2025-04-22,Active
53576,2558,129,Current,32409.26,2025-04-22,Active
59007,3571,64,Savings,196547.63,2025-04-22,Active
63981,52385,17,Savings,23940.87,2025-04-22,Active
70162,3241,93,Savings,8252.3,2025-04-22,Active
83186,45652,95,Savings,92390.98,2025-04-22,Active
1684,40424,53,Fixed Deposit,55923.42,2025-04-23,Active
14572,57365,127,Salary,32852.9,2025-04-23,Active
22815,48343,55,Savings,54565.73,2025-04-23,Active
24349,42124,55,Savings,135596.68,2025-04-23,Active
27143,49045,33,Salary,31931.25,2025-04-23,Active
49247,46278,118,Fixed Deposit,65042.27,2025-04-23,Active
49989,27261,14,Savings,80894.21,2025-04-23,Active
52878,26546,132,Savings,10837.5,2025-04-23,Active
57423,52427,18,Savings,14949.37,2025-04-23,Active
60173,46431,36,Salary,39809.35,2025-04-23,Active
90911,31862,127,Savings,78223.83,2025-04-23,Active
94000,13972,82,Salary,9220.57,2025-04-23,Active
3144,17676,61,Savings,10932.28,2025-04-24,Active
4760,13104,114,NRI,2454.77,2025-04-24,Active
9072,12319,94,Savings,10757.07,2025-04-24,Active
12490,37340,61,Savings,41359.02,2025-04-24,Active
28381,16138,30,Current,70516.79,2025-04-24,Active
29838,56490,67,Salary,9000.09,2025-04-24,Active
36951,16876,122,Fixed Deposit,60532.53,2025-04-24,Dormant
47709,58942,140,Savings,122012.74,2025-04-24,Active
49474,47680,112,Fixed Deposit,45867.41,2025-04-24,Active
53346,52091,56,Current,156995.91,2025-04-24,Active
54586,38697,96,Savings,21183.7,2025-04-24,Active
59023,32332,21,Salary,60336.08,2025-04-24,Active
62715,5757,5,Savings,1025.85,2025-04-24,Active
75871,46640,112,Savings,31151.59,2025-04-24,Active
78493,2786,82,Savings,11553.52,2025-04-24,Active
82399,6419,6,Savings,37687.22,2025-04-24,Active
94906,10365,112,Savings,95670.35,2025-04-24,Closed
33652,11045,72,Savings,3281.09,2025-04-25,Active
48614,21997,22,Savings,10543.24,2025-04-25,Active
69087,19134,12,Current,19780.85,2025-04-25,Active
73170,39235,11,Savings,9877.2,2025-04-25,Active
73507,29442,26,Savings,16480.2,2025-04-25,Active
92697,4717,97,Savings,45354.95,2025-04-25,Active
775,43445,43,Salary,36038.3,2025-04-26,Active
3727,58950,147,Savings,12436.13,2025-04-26,Active
6597,43427,22,Current,5273.57,2025-04-26,Active
21492,11021,67,Fixed Deposit,12994.48,2025-04-26,Active
23742,5278,147,Salary,5226.08,2025-04-26,Active
26069,5077,106,Savings,178384.2,2025-04-26,Closed
29043,10062,3,Fixed Deposit,7083.55,2025-04-26,Active
30305,23403,79,Savings,76368.95,2025-04-26,Active
31585,19945,10,Savings,38925.34,2025-04-26,Closed
38176,17308,87,Current,62284.16,2025-04-26,Active
42317,48396,148,Savings,195237.78,2025-04-26,Active
56527,5872,111,Fixed Deposit,43241.12,2025-04-26,Active
59243,3896,128,Salary,63135.13,2025-04-26,Active
69289,53412,102,Savings,57255.33,2025-04-26,Active
80073,6235,8,NRI,23881.32,2025-04-26,Active
86855,12134,119,Savings,98483.12,2025-04-26,Active
3530,46436,15,Current,30829.42,2025-04-27,Active
6260,19255,112,Savings,60706.26,2025-04-27,Active
7007,8896,73,Savings,3288.77,2025-04-27,Active
9603,31411,10,Current,2531.56,2025-04-27,Active
9927,31180,92,Savings,12624.19,2025-04-27,Active
15985,24449,40,Salary,685.92,2025-04-27,Active
17123,50292,139,Savings,80990.87,2025-04-27,Active
35641,29678,16,Savings,22134.28,2025-04-27,Active
44189,10848,100,Current,40246.24,2025-04-27,Active
46187,17961,55,Savings,22284.6,2025-04-27,Active
46433,48092,44,Savings,13621.42,2025-04-27,Active
55196,55866,112,Savings,14501.7,2025-04-27,Active
88743,48577,43,Current,8690.8,2025-04-27,Active
89556,21827,85,Savings,48698.56,2025-04-27,Closed
90960,20227,124,Current,167653.17,2025-04-27,Active
1238,46794,134,Savings,27475.78,2025-04-28,Active
10047,35112,22,Savings,8304.45,2025-04-28,Active
10277,51017,21,Savings,140018.02,2025-04-28,Active
22847,5060,61,Savings,71965.55,2025-04-28,Active
24014,51399,131,Savings,6009.11,2025-04-28,Active
24259,5429,118,Fixed Deposit,30642.48,2025-04-28,Active
25585,30586,32,Savings,86772.19,2025-04-28,Active
34617,30082,40,Savings,7265.91,2025-04-28,Active
55411,23199,43,Savings,19393.38,2025-04-28,Active
90392,10579,69,Current,21929.62,2025-04-28,Active
93475,8757,134,Savings,3802.56,2025-04-28,Active
93756,58492,2,Savings,21449.64,2025-04-28,Active
3722,49736,47,Savings,25159.77,2025-04-29,Closed
19594,17383,52,Salary,70009.1,2025-04-29,Active
20894,2323,36,Savings,62329.03,2025-04-29,Active
30689,33207,111,Current,23231.92,2025-04-29,Closed
50208,32092,8,Current,18609.06,2025-04-29,Active
65113,8418,94,Savings,44975.17,2025-04-29,Active
66439,21520,150,Fixed Deposit,26519.49,2025-04-29,Active
86933,13935,132,Salary,14865.87,2025-04-29,Active
87761,43958,32,Salary,128370.71,2025-04-29,Active
89859,55503,53,Salary,103039.25,2025-04-29,Active
113,42460,90,Savings,43498.29,2025-04-30,Active
22539,24071,27,Current,61576.42,2025-04-30,Active
23321,50213,12,Savings,50941.12,2025-04-30,Active
33337,29435,7,Savings,9551.48,2025-04-30,Active
37164,6481,95,Fixed Deposit,68904.36,2025-04-30,Active
39381,2032,2,Current,21533.48,2025-04-30,Active
46673,42564,83,Savings,38342.1,2025-04-30,Active
60362,10372,83,NRI,20025.68,2025-04-30,Active
67960,12229,93,Savings,4268.59,2025-04-30,Active
86210,43527,149,Current,98267.8,2025-04-30,Active
86778,51009,141,Fixed Deposit,714.36,2025-04-30,Active
103,56261,95,Savings,17357.44,2025-05-01,Active
4685,10622,141,Savings,99316.88,2025-05-01,Active
6544,52939,26,NRI,86274.51,2025-05-01,Active
10041,51357,130,Salary,11613.74,2025-05-01,Active
10899,5598,57,NRI,39511.11,2025-05-01,Active
25106,32365,147,Current,144685.42,2025-05-01,Active
31929,21789,17,Fixed Deposit,26720.53,2025-05-01,Active
35949,37717,115,Current,33657.34,2025-05-01,Active
45705,7433,125,Savings,6327.43,2025-05-01,Active
50974,3782,65,Savings,4766.33,2025-05-01,Active
58669,31359,146,Current,49119.33,2025-05-01,Active
66250,5799,69,Savings,127443.24,2025-05-01,Active
66959,32957,146,Current,12860.21,2025-05-01,Active
67766,40027,67,Savings,67781.5,2025-05-01,Active
74315,24512,110,Salary,7548,2025-05-01,Active
83994,30805,5,Savings,45699.26,2025-05-01,Active
93371,10022,89,Fixed Deposit,42911.69,2025-05-01,Closed
1178,58235,103,Savings,89668.4,2025-05-02,Active
7648,34421,64,Salary,65271.14,2025-05-02,Active
15290,38953,59,Fixed Deposit,13382.26,2025-05-02,Active
25503,35261,147,Savings,20428.75,2025-05-02,Active
35785,26662,24,Savings,26306.15,2025-05-02,Active
42153,279,150,Current,8286.57,2025-05-02,Active
44286,27849,113,Current,9177.76,2025-05-02,Active
46617,23536,131,Current,95275.64,2025-05-02,Dormant
48703,988,132,Salary,34902.93,2025-05-02,Active
52590,20706,101,Savings,176068.62,2025-05-02,Active
57237,36335,31,Savings,1124.6,2025-05-02,Active
73565,24443,131,Salary,119307.92,2025-05-02,Closed
80732,17028,127,Savings,16076.63,2025-05-02,Active
82613,37138,24,Savings,7189.16,2025-05-02,Active
84320,3089,103,Savings,45479.99,2025-05-02,Active
88823,6453,114,Savings,84434.36,2025-05-02,Dormant
89595,9190,66,NRI,9651.58,2025-05-02,Active
94421,16423,137,Salary,33095.49,2025-05-02,Active
18211,14086,95,Salary,24557.53,2025-05-03,Active
27782,2001,100,Salary,43549.27,2025-05-03,Dormant
31168,47620,26,Current,8931.23,2025-05-03,Active
51988,30422,1,Salary,56716.01,2025-05-03,Active
53068,40960,102,Current,28248.63,2025-05-03,Active
64270,7784,17,Savings,15325.33,2025-05-03,Active
87387,43924,138,Fixed Deposit,54909.17,2025-05-03,Active
89151,867,96,Savings,33256.51,2025-05-03,Active
90259,14029,68,Savings,95523.17,2025-05-03,Active
9616,4230,146,Savings,131723.99,2025-05-04,Closed
11764,35907,131,Current,36416.56,2025-05-04,Dormant
24481,37824,45,Current,126727.04,2025-05-04,Active
30895,47637,125,Savings,25756.75,2025-05-04,Active
34805,21748,114,NRI,1596.36,2025-05-04,Active
44270,35318,34,NRI,186616.29,2025-05-04,Active
52893,58653,8,Current,67524.98,2025-05-04,Active
55744,37733,110,NRI,12866.05,2025-05-04,Active
74352,32817,136,Current,66133.61,2025-05-04,Active
74733,51428,49,Savings,122684.95,2025-05-04,Active
76113,35328,68,Savings,8283.88,2025-05-04,Active
77009,15067,136,Salary,50509.5,2025-05-04,Active
79290,54520,77,Salary,28715.9,2025-05-04,Active
81663,21788,140,Current,1584.14,2025-05-04,Active
3065,1243,15,Savings,15652.36,2025-05-05,Active
3986,51046,12,Current,9695.88,2025-05-05,Active
10754,36679,7,Current,18761.27,2025-05-05,Active
15983,14277,109,Salary,11267.61,2025-05-05,Active
17344,26411,21,Savings,97771.98,2025-05-05,Dormant
27393,33820,9,Salary,62053.8,2025-05-05,Active
38370,3205,63,Savings,4391.52,2025-05-05,Active
41897,29606,106,Current,28551.97,2025-05-05,Active
62987,47221,102,Savings,72424.98,2025-05-05,Active
69686,41934,145,Salary,2227.43,2025-05-05,Active
79544,10783,7,Savings,73068.94,2025-05-05,Active
5065,27926,97,Salary,22593.91,2025-05-06,Active
5437,10118,10,Current,3391.12,2025-05-06,Active
6860,41562,50,NRI,102773.7,2025-05-06,Dormant
8285,35422,20,Fixed Deposit,21288.73,2025-05-06,Active
17801,9565,150,Current,168231.4,2025-05-06,Active
22029,22264,83,Current,37414.19,2025-05-06,Closed
27736,41170,147,Savings,24493.13,2025-05-06,Active
31360,52340,18,Current,81984.34,2025-05-06,Active
58782,36953,24,Salary,89231.4,2025-05-06,Active
64420,56935,80,NRI,20301.13,2025-05-06,Dormant
82876,50690,131,Savings,19370.55,2025-05-06,Active
82967,11395,47,Fixed Deposit,26418.71,2025-05-06,Active
11928,15873,19,Current,22694.92,2025-05-07,Active
20667,12461,6,Current,8482.66,2025-05-07,Active
38613,32012,150,Savings,791.53,2025-05-07,Closed
39950,52190,39,Savings,25583.28,2025-05-07,Active
54892,45550,110,Current,13596.64,2025-05-07,Dormant
74271,49992,137,Savings,11872.16,2025-05-07,Active
75550,57276,87,Current,50897.08,2025-05-07,Dormant
82122,31326,36,Salary,37808.17,2025-05-07,Active
91106,4117,122,Salary,10585.3,2025-05-07,Active
6164,52059,144,NRI,9693.15,2025-05-08,Active
6637,27700,24,Savings,6830.15,2025-05-08,Active
18164,4726,145,Savings,63352.9,2025-05-08,Dormant
18680,6715,20,Savings,35397.32,2025-05-08,Dormant
20399,58377,18,Savings,9993.61,2025-05-08,Active
34065,44922,72,Savings,122215.8,2025-05-08,Active
41658,57035,69,Savings,19370.86,2025-05-08,Active
43588,2729,73,Savings,44956.27,2025-05-08,Active
55944,5369,102,Savings,3330,2025-05-08,Active
65102,37076,56,NRI,62601.69,2025-05-08,Active
78427,23400,47,Savings,27547.6,2025-05-08,Active
79080,43149,148,Savings,24967.84,2025-05-08,Active
87326,28096,17,Current,11089.05,2025-05-08,Dormant
88380,23342,15,Current,7975.6,2025-05-08,Active
2783,9693,105,Savings,21114.49,2025-05-09,Dormant
5737,48141,74,Savings,15367.33,2025-05-09,Active
18804,4348,142,Fixed Deposit,111812.83,2025-05-09,Active
28210,53071,93,Fixed Deposit,1765.12,2025-05-09,Dormant
31734,39345,48,Current,28479.97,2025-05-09,Active
36829,37913,71,Savings,28214.49,2025-05-09,Active
45744,27019,33,Savings,20453.84,2025-05-09,Active
62161,5742,76,Savings,12277.89,2025-05-09,Active
85261,10009,123,Savings,9842.94,2025-05-09,Active
90234,34012,11,Savings,64025.16,2025-05-09,Active
90634,57,48,Current,12235.53,2025-05-09,Active
90735,8344,53,Fixed Deposit,15446.86,2025-05-09,Active
6428,56734,60,Savings,2510.61,2025-05-10,Active
22599,53089,120,Savings,76145.34,2025-05-10,Closed
25029,15995,73,Savings,47794.61,2025-05-10,Dormant
48749,33020,127,Salary,6715.97,2025-05-10,Active
57486,44652,135,Savings,77084.32,2025-05-10,Active
82128,17099,142,Savings,39381.1,2025-05-10,Dormant
87158,20382,74,NRI,66889.04,2025-05-10,Dormant
94669,58358,6,Current,31135.42,2025-05-10,Dormant
2954,31419,12,Salary,23308.33,2025-05-11,Active
11125,34958,7,Savings,127615.86,2025-05-11,Active
13525,34847,114,Savings,108739.85,2025-05-11,Active
22859,15473,2,NRI,38267.59,2025-05-11,Dormant
23019,7285,11,Current,41370.66,2025-05-11,Active
43569,35587,49,Savings,31696.03,2025-05-11,Active
63081,26408,40,Savings,20380.42,2025-05-11,Active
65307,24789,87,Savings,131398.15,2025-05-11,Active
78443,22370,91,Salary,172593.06,2025-05-11,Active
78968,3148,129,Savings,4304.43,2025-05-11,Active
5475,56911,3,Fixed Deposit,25101.21,2025-05-12,Active
18831,41549,86,Salary,39045.75,2025-05-12,Active
21248,30042,82,Salary,90134.65,2025-05-12,Active
23831,39030,114,Salary,52874.16,2025-05-12,Active
68942,5560,70,Current,87042.12,2025-05-12,Active
69642,13425,104,Savings,33306.31,2025-05-12,Closed
72796,57486,139,Savings,4701.63,2025-05-12,Closed
92640,41019,146,Salary,54956.18,2025-05-12,Active
2501,38666,40,Savings,196160.09,2025-05-13,Active
2843,11991,110,Savings,25305.18,2025-05-13,Active
29988,49727,34,Savings,112971.73,2025-05-13,Active
32309,44571,118,Savings,105582.68,2025-05-13,Active
36948,117,138,Salary,3572.73,2025-05-13,Active
46790,59188,146,Savings,93674.66,2025-05-13,Active
58177,19470,132,Current,29633.78,2025-05-13,Active
58705,18458,72,Salary,64716.18,2025-05-13,Active
67136,51067,22,Salary,20235.3,2025-05-13,Active
68163,28469,23,Salary,1139.3,2025-05-13,Active
89669,3934,36,Current,66933.88,2025-05-13,Active
1511,48057,101,Savings,25467.07,2025-05-14,Active
4331,41816,114,Savings,19076.87,2025-05-14,Active
11037,32195,125,NRI,20290.61,2025-05-14,Dormant
33134,10545,111,Savings,12613.08,2025-05-14,Active
68922,46951,139,Savings,32996.35,2025-05-14,Active
69871,47554,61,Savings,5675.01,2025-05-14,Active
74049,29230,67,Savings,111470.55,2025-05-14,Active
81050,54979,76,Savings,16579.78,2025-05-14,Closed
4386,30807,17,Savings,18093.72,2025-05-15,Active
5642,5875,25,Current,157008.51,2025-05-15,Active
6245,4217,139,NRI,6726.41,2025-05-15,Active
8213,3524,61,Savings,36202.3,2025-05-15,Active
20562,36917,22,Current,180325.78,2025-05-15,Active
25527,43447,71,Savings,7919.58,2025-05-15,Active
28114,34927,9,Current,32928.86,2025-05-15,Active
37262,14897,8,NRI,27254.8,2025-05-15,Active
43957,41167,122,Salary,33680.81,2025-05-15,Active
48740,59401,126,Salary,2147.37,2025-05-15,Active
60187,56857,55,Current,65946.13,2025-05-15,Active
60946,3591,127,Savings,144387.87,2025-05-15,Active
69104,401,93,Current,55601.72,2025-05-15,Closed
74372,41340,13,Savings,36237.86,2025-05-15,Active
75124,44926,14,Fixed Deposit,16108,2025-05-15,Active
77485,34385,17,Salary,51346.26,2025-05-15,Active
78474,43602,123,Current,75541.37,2025-05-15,Active
85672,28383,83,Savings,40797.09,2025-05-15,Dormant
9686,37127,101,Savings,27792.25,2025-05-16,Active
16211,7253,95,Savings,5399.69,2025-05-16,Active
16535,55956,145,Fixed Deposit,6862.71,2025-05-16,Active
30527,23046,23,Salary,8728.79,2025-05-16,Active
47449,53886,135,Savings,24809.65,2025-05-16,Active
55184,48015,93,Current,20125,2025-05-16,Active
63639,58022,147,Savings,25478.85,2025-05-16,Dormant
67815,20898,53,Fixed Deposit,65976.72,2025-05-16,Active
68914,48323,107,Savings,2146.16,2025-05-16,Dormant
80324,6699,103,Current,246100.2,2025-05-16,Dormant
80623,32819,114,Savings,51953.5,2025-05-16,Active
86991,24796,16,Savings,64682.35,2025-05-16,Active
91561,57527,12,Savings,2269.46,2025-05-16,Active
4962,5902,17,Current,20698.84,2025-05-17,Active
12174,8859,71,Salary,18973.3,2025-05-17,Active
13877,20459,11,Savings,11427.48,2025-05-17,Dormant
30828,17636,12,Savings,100326.87,2025-05-17,Active
38831,11625,33,Current,48415.57,2025-05-17,Active
47011,39831,82,Current,45558.36,2025-05-17,Active
48565,43229,40,Salary,8191.25,2025-05-17,Closed
51512,16150,64,NRI,22910.26,2025-05-17,Dormant
65897,55069,101,Salary,44076.93,2025-05-17,Closed
67649,28473,37,Current,7093.01,2025-05-17,Active
73044,52825,20,Current,9289.3,2025-05-17,Active
74222,54964,126,Savings,9340.81,2025-05-17,Dormant
89339,6037,148,Salary,17097.27,2025-05-17,Active
293,35950,8,Savings,74077.57,2025-05-18,Active
9189,42306,34,Savings,28977.53,2025-05-18,Active
26577,16,105,Salary,33272.23,2025-05-18,Active
38962,41862,66,Fixed Deposit,14348.12,2025-05-18,Active
44948,54257,100,Savings,22110.19,2025-05-18,Active
45336,29159,130,Savings,29389.67,2025-05-18,Active
53402,30147,95,Savings,56893.16,2025-05-18,Active
54495,42903,31,Savings,13158.3,2025-05-18,Dormant
60926,51213,125,Fixed Deposit,20611.8,2025-05-18,Active
86451,25552,145,Savings,65478.41,2025-05-18,Active
88971,34855,58,Savings,13366.74,2025-05-18,Dormant
4203,42183,42,Savings,69775.22,2025-05-19,Active
5770,56289,141,Fixed Deposit,26583.9,2025-05-19,Active
17172,55409,119,Savings,11049.44,2025-05-19,Active
20485,3343,23,Savings,11462.76,2025-05-19,Active
26104,50523,109,Savings,101883.88,2025-05-19,Active
27489,1338,139,Salary,44139.63,2025-05-19,Active
33814,25551,74,Savings,51505.31,2025-05-19,Active
35578,6522,36,Current,164558.21,2025-05-19,Active
40111,16755,100,Current,40884.5,2025-05-19,Dormant
53670,48234,82,Savings,16165.29,2025-05-19,Active
57002,23785,117,Savings,131853.96,2025-05-19,Active
57911,991,82,Fixed Deposit,59343.96,2025-05-19,Active
59376,17231,109,Current,28271.58,2025-05-19,Active
88913,12967,46,Savings,1457.88,2025-05-19,Active
90313,33724,13,Current,12407.13,2025-05-19,Active
10061,9257,4,Savings,39620.54,2025-05-20,Active
15852,53970,5,Savings,15066.34,2025-05-20,Active
34651,27759,129,Savings,181965.3,2025-05-20,Active
38733,48021,116,Savings,105915.45,2025-05-20,Active
42772,31334,122,Savings,33998.12,2025-05-20,Closed
54439,15636,97,Savings,6641.37,2025-05-20,Dormant
57797,41221,13,Savings,107956.54,2025-05-20,Active
87286,35805,51,NRI,8866.63,2025-05-20,Active
4137,48828,6,Salary,18957.38,2025-05-21,Active
7821,12609,7,Savings,10901.78,2025-05-21,Active
15113,4179,50,Savings,50276.45,2025-05-21,Closed
23355,18266,34,Current,36112.42,2025-05-21,Active
32685,2434,35,Current,116748.47,2025-05-21,Active
35115,49294,120,Savings,79949.83,2025-05-21,Dormant
60525,49189,147,Savings,54015.31,2025-05-21,Active
70861,28067,76,Current,2695.03,2025-05-21,Active
81161,45426,7,Fixed Deposit,2404.55,2025-05-21,Active
15168,21051,109,Savings,28496.02,2025-05-22,Active
23969,28285,20,Savings,24271.78,2025-05-22,Active
35700,50040,103,Savings,42442.2,2025-05-22,Dormant
39824,46018,12,Current,85552.54,2025-05-22,Active
42819,39342,149,Savings,26768.89,2025-05-22,Active
44112,23475,62,Savings,52768.51,2025-05-22,Active
44169,43194,124,Fixed Deposit,25671.78,2025-05-22,Active
48424,13703,40,Salary,13167.82,2025-05-22,Active
49508,2936,108,Savings,43077.63,2025-05-22,Dormant
62252,27134,59,Current,29747.16,2025-05-22,Active
71880,49122,118,Fixed Deposit,36961.93,2025-05-22,Active
82101,51907,12,Salary,53705.89,2025-05-22,Dormant
90646,31586,133,Savings,24668.66,2025-05-22,Active
4407,8876,94,Savings,15012.1,2025-05-23,Active
17372,49729,65,Current,103263.81,2025-05-23,Active
18957,49585,9,Savings,88856.13,2025-05-23,Active
24742,44855,69,Savings,128800.65,2025-05-23,Active
25704,44342,115,Savings,15369.3,2025-05-23,Closed
31043,40448,115,Savings,38487.74,2025-05-23,Active
33442,43693,141,Savings,3020.65,2025-05-23,Active
35614,16290,95,Savings,20545.37,2025-05-23,Active
87829,55495,121,Current,98061.01,2025-05-23,Active
88580,12382,85,Savings,116198.66,2025-05-23,Active
89403,38779,115,Savings,27675.06,2025-05-23,Active
13772,22159,5,Savings,34727.88,2025-05-24,Active
24074,41311,109,Current,5992.38,2025-05-24,Active
24428,40936,102,Current,22929.75,2025-05-24,Active
31110,34997,136,Savings,83399.8,2025-05-24,Active
60037,5387,138,Savings,186548.54,2025-05-24,Active
65135,42312,32,Salary,14331.29,2025-05-24,Closed
67458,9703,70,Savings,20996.35,2025-05-24,Active
81583,12332,42,Savings,23858.19,2025-05-24,Active
89307,9818,142,Savings,52402.84,2025-05-24,Active
3803,3055,9,Savings,100110.76,2025-05-25,Active
16963,49557,88,Fixed Deposit,118469.48,2025-05-25,Active
25745,46292,34,Savings,32723.76,2025-05-25,Active
31423,23922,107,Salary,106687.63,2025-05-25,Active
34926,12656,53,Savings,29688.46,2025-05-25,Dormant
34974,50706,4,Fixed Deposit,14263.13,2025-05-25,Active
40903,3920,10,Savings,34811.83,2025-05-25,Active
47369,52172,19,Savings,16811.61,2025-05-25,Active
47425,52166,73,Savings,24200.92,2025-05-25,Active
53849,12626,110,Savings,8821.02,2025-05-25,Active
62018,26811,56,Current,28661.58,2025-05-25,Active
77034,17021,138,Current,3602.4,2025-05-25,Active
79283,38849,91,Current,31592.43,2025-05-25,Active
89919,4805,97,Savings,27316.45,2025-05-25,Active
92094,25961,41,Current,27185.82,2025-05-25,Active
93945,24911,45,Fixed Deposit,9114.99,2025-05-25,Active
12235,11207,135,Current,2334.77,2025-05-26,Active
14275,17614,58,Fixed Deposit,25459.27,2025-05-26,Active
17865,40136,18,Savings,42497.82,2025-05-26,Dormant
20943,13848,44,Current,106178.39,2025-05-26,Closed
27033,14731,6,Savings,2241.72,2025-05-26,Active
35688,54408,26,Savings,2759.86,2025-05-26,Active
42035,30261,92,Salary,126957.51,2025-05-26,Active
43979,13814,77,NRI,97029.58,2025-05-26,Active
61914,33457,125,Fixed Deposit,53441.13,2025-05-26,Active
64465,2678,16,Salary,37050.84,2025-05-26,Active
77360,13318,29,Salary,40245.56,2025-05-26,Dormant
86773,1741,22,Current,5109.45,2025-05-26,Active
91001,33039,119,Salary,36223.92,2025-05-26,Dormant
93852,41455,70,Savings,46075.95,2025-05-26,Dormant
14793,27431,59,Savings,62921.66,2025-05-27,Active
20300,37585,19,Savings,17655.66,2025-05-27,Active
25322,14152,4,Salary,69770.51,2025-05-27,Dormant
28202,36913,139,Current,5329.35,2025-05-27,Active
33006,20330,94,Savings,74522.84,2025-05-27,Active
33085,18852,20,Salary,25697.51,2025-05-27,Active
34610,23708,37,Savings,40609.57,2025-05-27,Active
79810,34317,87,Current,13685.6,2025-05-27,Active
84127,46069,18,Savings,1706.49,2025-05-27,Active
87339,51171,150,Fixed Deposit,40207.16,2025-05-27,Active
10859,19411,25,Savings,74638.21,2025-05-28,Active
20087,19488,141,Savings,70438.68,2025-05-28,Active
20623,13059,112,Savings,64597.24,2025-05-28,Dormant
35748,10105,116,Current,105381.53,2025-05-28,Active
44217,50171,6,Current,63608.97,2025-05-28,Active
53972,42629,13,Salary,3568.11,2025-05-28,Active
61360,53879,105,Current,74717.07,2025-05-28,Active
75988,47602,72,Savings,12014.97,2025-05-28,Active
94439,12382,77,Current,48963.47,2025-05-28,Active
3621,58275,9,Savings,43106.75,2025-05-29,Active
6534,56774,74,Current,7481.35,2025-05-29,Active
18023,48238,56,Fixed Deposit,69600.74,2025-05-29,Active
21310,56006,2,Savings,4910.61,2025-05-29,Active
24610,58225,56,Current,45950.67,2025-05-29,Active
25466,9601,76,Savings,61312.21,2025-05-29,Active
32897,59266,113,NRI,90598.3,2025-05-29,Active
52731,35902,91,Current,45352.07,2025-05-29,Active
64219,20902,99,Current,32453.28,2025-05-29,Active
69159,42305,29,Current,797.47,2025-05-29,Active
76179,16272,77,Salary,59868.32,2025-05-29,Active
79353,33707,139,Salary,48181.91,2025-05-29,Active
85190,54749,139,NRI,37287.32,2025-05-29,Active
5221,15319,62,Salary,5022.17,2025-05-30,Active
6614,206,94,Savings,46590.79,2025-05-30,Active
8958,33951,33,Savings,665.39,2025-05-30,Active
61028,19500,84,Current,16540.66,2025-05-30,Active
69395,51338,133,Savings,52042.5,2025-05-30,Dormant
5164,100,70,Fixed Deposit,21424.02,2025-05-31,Active
33503,53804,87,Savings,12882.62,2025-05-31,Active
33667,46864,59,Current,66294.36,2025-05-31,Dormant
38508,15775,40,Savings,27360.57,2025-05-31,Active
49818,54262,93,Fixed Deposit,41789.81,2025-05-31,Active
56909,21833,121,Current,7965.08,2025-05-31,Closed
63618,29630,47,Savings,48698.55,2025-05-31,Active
67672,17102,29,Current,50330.66,2025-05-31,Active
71518,55687,18,Current,135845.43,2025-05-31,Active
85329,56485,8,Savings,75153.01,2025-05-31,Active
93136,638,107,Salary,174232.23,2025-05-31,Active
252,48054,29,Savings,65925.02,2025-06-01,Closed
6791,30495,113,Salary,86755.11,2025-06-01,Active
25371,32761,84,Fixed Deposit,23412.38,2025-06-01,Active
28721,26229,26,Savings,8439.94,2025-06-01,Active
36519,43692,96,Savings,51117.39,2025-06-01,Active
49657,45635,134,Savings,67022.54,2025-06-01,Active
50350,53634,18,Savings,39862.11,2025-06-01,Dormant
54795,21700,47,Savings,30241.38,2025-06-01,Active
62093,17511,97,Savings,8852.83,2025-06-01,Active
69298,21257,106,Savings,78044.62,2025-06-01,Active
71284,10119,112,Savings,15017.94,2025-06-01,Active
79720,29221,9,Current,1706.63,2025-06-01,Active
91149,53087,25,Savings,1658.94,2025-06-01,Active
92664,17391,58,Savings,5101.21,2025-06-01,Active
11387,32308,139,Savings,23894.28,2025-06-02,Active
14760,13685,129,Savings,26121.78,2025-06-02,Active
16345,3547,75,Current,16381.49,2025-06-02,Active
18518,49880,93,Savings,106898.33,2025-06-02,Active
21428,53036,29,Current,37515.32,2025-06-02,Active
29673,27000,1,Savings,22133.7,2025-06-02,Active
47046,22675,56,Current,83047.58,2025-06-02,Active
49396,38007,48,Savings,35647.2,2025-06-02,Active
59964,44363,49,Current,16745.53,2025-06-02,Active
69361,23762,120,Savings,12622.72,2025-06-02,Active
74866,49611,59,Savings,80911.01,2025-06-02,Active
84915,9989,141,Savings,74317.11,2025-06-02,Active
93953,27571,107,Savings,134674.18,2025-06-02,Active
21169,20334,28,Current,9596.52,2025-06-03,Closed
22540,29990,73,Current,47540.41,2025-06-03,Active
27960,37230,36,Fixed Deposit,45622.52,2025-06-03,Active
32133,8039,91,Savings,1812.29,2025-06-03,Active
39278,2252,34,Fixed Deposit,153034.63,2025-06-03,Active
42591,33927,19,Savings,148978.65,2025-06-03,Closed
47175,8266,131,Salary,20844.11,2025-06-03,Active
54710,56004,111,Savings,120317.52,2025-06-03,Dormant
58257,49338,14,Fixed Deposit,78435.64,2025-06-03,Active
78837,55024,33,Savings,17640.08,2025-06-03,Closed
84902,17253,129,Savings,10433.36,2025-06-03,Active
86581,25415,60,Savings,3006.02,2025-06-03,Active
93658,18706,49,Savings,137673.02,2025-06-03,Active
3171,32155,65,Savings,63394.47,2025-06-04,Active
10293,50112,46,Savings,34754.71,2025-06-04,Dormant
17934,10463,24,Current,2593.97,2025-06-04,Active
25538,6146,57,Salary,85532.15,2025-06-04,Active
31916,23233,122,Savings,20721.79,2025-06-04,Active
32528,36609,64,NRI,79839.13,2025-06-04,Active
37441,49366,44,Savings,65302.36,2025-06-04,Dormant
42360,52954,93,NRI,41018.46,2025-06-04,Active
45953,57518,88,Fixed Deposit,2338.66,2025-06-04,Active
48590,22615,23,Savings,22667.46,2025-06-04,Active
60941,4395,1,Current,30481.92,2025-06-04,Active
62108,35577,75,Savings,25484.32,2025-06-04,Active
62863,27935,90,Savings,17414.7,2025-06-04,Active
71344,32128,58,Current,44981.59,2025-06-04,Active
71468,18001,66,Savings,20456.69,2025-06-04,Active
75351,32702,109,Salary,18508.76,2025-06-04,Active
77377,42170,20,Salary,25387.93,2025-06-04,Active
87133,56263,30,Current,61913.75,2025-06-04,Active
89502,16137,94,Savings,13845,2025-06-04,Active
5211,15014,123,Savings,37945.31,2025-06-05,Dormant
8657,28574,6,Salary,33331.24,2025-06-05,Active
8911,50200,101,Savings,8918.89,2025-06-05,Active
14191,24918,40,Savings,1361.04,2025-06-05,Active
41864,32050,143,Savings,1722.53,2025-06-05,Active
46593,3416,83,Savings,108693.54,2025-06-05,Active
47555,53700,33,Savings,19742.75,2025-06-05,Active
56974,19769,4,Savings,14929.3,2025-06-05,Active
69171,14325,78,Current,2482.06,2025-06-05,Active
88144,48767,70,Fixed Deposit,118701.42,2025-06-05,Active
4239,58581,147,Savings,11991.65,2025-06-06,Active
7143,9255,15,Savings,10734.9,2025-06-06,Active
18423,6971,91,Savings,53823.78,2025-06-06,Active
22422,31744,7,Salary,67782.77,2025-06-06,Active
26068,5935,59,Current,3324.12,2025-06-06,Dormant
32488,21806,110,Salary,48766.99,2025-06-06,Dormant
41836,39852,59,Savings,131380.07,2025-06-06,Active
42249,52144,123,Salary,44215.65,2025-06-06,Active
43235,23500,77,Salary,36423.16,2025-06-06,Active
51831,26623,63,NRI,17150.42,2025-06-06,Active
58585,19797,70,Current,62573.14,2025-06-06,Closed
72843,52611,82,Savings,30519.03,2025-06-06,Active
91524,33096,126,Salary,13795.94,2025-06-06,Active
93011,15089,112,Salary,34362,2025-06-06,Active
12276,41842,4,Salary,26715.17,2025-06-07,Active
18163,49036,117,Savings,34418.9,2025-06-07,Active
27789,20881,34,Current,14285.34,2025-06-07,Dormant
29163,56746,94,Salary,142179.17,2025-06-07,Dormant
35446,23238,102,Current,12738.25,2025-06-07,Dormant
43996,33938,64,Current,131799.32,2025-06-07,Active
46705,51355,16,Salary,8801.95,2025-06-07,Active
51594,35214,5,Current,12805.92,2025-06-07,Active
52550,39335,120,Savings,91417.91,2025-06-07,Active
53186,218,47,NRI,15782.91,2025-06-07,Active
56837,46332,139,Salary,29305.67,2025-06-07,Active
69250,10217,74,Current,16817.96,2025-06-07,Active
69818,55835,45,Fixed Deposit,48345.14,2025-06-07,Closed
71562,28260,50,Salary,8203.07,2025-06-07,Active
25340,30293,88,NRI,43822.87,2025-06-08,Active
36282,49756,17,Salary,47293.76,2025-06-08,Active
37044,6129,115,Savings,159952.14,2025-06-08,Active
52101,15563,81,Savings,47374.81,2025-06-08,Dormant
61118,26242,80,Savings,9144.47,2025-06-08,Active
63833,26140,119,Current,13579.54,2025-06-08,Dormant
89539,41938,20,Salary,97700.85,2025-06-08,Active
90951,20872,27,Savings,25402.18,2025-06-08,Active
8465,41359,140,Current,66073.61,2025-06-09,Active
22156,6731,53,Fixed Deposit,9875.83,2025-06-09,Closed
29127,16735,15,Savings,259287.17,2025-06-09,Active
30060,47615,108,Savings,20932.34,2025-06-09,Active
33632,27203,20,Savings,2850.05,2025-06-09,Active
43078,50816,134,Savings,31478.22,2025-06-09,Closed
44279,45310,75,Salary,21883.79,2025-06-09,Active
44792,52768,125,Savings,7297.5,2025-06-09,Active
58756,26191,148,Salary,53768.22,2025-06-09,Active
76064,36541,142,Salary,71193.1,2025-06-09,Active
80010,32251,45,NRI,5404.37,2025-06-09,Active
88275,18993,89,Salary,3337.8,2025-06-09,Active
88949,52347,52,Savings,35628.41,2025-06-09,Active
16382,44002,42,Savings,37876.08,2025-06-10,Active
20023,18957,137,Savings,24356.46,2025-06-10,Active
24649,22610,139,Savings,5792.6,2025-06-10,Dormant
25736,25763,17,Salary,5237.13,2025-06-10,Dormant
30471,19571,64,Current,56316.25,2025-06-10,Active
31426,53084,93,Current,48756.83,2025-06-10,Active
37718,46598,89,Savings,13408.76,2025-06-10,Dormant
38510,46725,101,Savings,163382.93,2025-06-10,Active
43933,23258,22,Savings,77294.79,2025-06-10,Closed
53032,11905,37,Savings,25541.72,2025-06-10,Active
53963,21323,67,Savings,32179.61,2025-06-10,Active
57967,35404,62,Current,22599.14,2025-06-10,Active
59305,9914,54,Current,15092.08,2025-06-10,Active
89850,6633,112,Savings,18538.87,2025-06-10,Active
4757,35372,142,Savings,64684.85,2025-06-11,Active
30504,42992,78,Salary,21849.02,2025-06-11,Dormant
31547,26786,35,Savings,32781.01,2025-06-11,Active
39683,44463,28,Savings,45557.98,2025-06-11,Active
43549,11825,110,Savings,26395.76,2025-06-11,Active
51368,28494,95,Savings,77357.43,2025-06-11,Dormant
54684,46269,107,Savings,63159.06,2025-06-11,Active
61934,40350,43,Savings,22578.51,2025-06-11,Closed
62279,442,52,Current,120591.08,2025-06-11,Active
90693,9176,24,Savings,35042.49,2025-06-11,Active
91921,1929,5,Salary,8254.84,2025-06-11,Active
19365,22121,16,Savings,100906.63,2025-06-12,Active
25673,17329,119,Savings,13009.23,2025-06-12,Active
51788,22898,78,Salary,137677.81,2025-06-12,Active
55627,19777,45,NRI,60889.28,2025-06-12,Closed
61016,53516,131,Savings,1237.99,2025-06-12,Dormant
62777,59370,127,Current,18207.73,2025-06-12,Active
63273,42924,21,Current,75222.53,2025-06-12,Closed
65436,51646,66,Savings,12487.82,2025-06-12,Active
74688,36013,140,Savings,137541.99,2025-06-12,Dormant
75496,14245,94,Current,31324.52,2025-06-12,Active
81979,58755,91,Savings,7269.5,2025-06-12,Active
85919,21982,16,Savings,17606.73,2025-06-12,Active
8046,51060,76,Savings,18760.54,2025-06-13,Active
11365,40408,28,Savings,23994.37,2025-06-13,Active
13831,20381,40,Savings,94123.55,2025-06-13,Active
25709,40073,131,Salary,81492.78,2025-06-13,Active
29959,54654,78,Fixed Deposit,30263.45,2025-06-13,Active
30129,18368,33,Current,24993.61,2025-06-13,Active
33264,1413,105,Salary,38733.74,2025-06-13,Active
43989,32306,106,Savings,7109.24,2025-06-13,Active
46825,3123,19,Current,4371.67,2025-06-13,Active
56356,42354,38,Salary,24521.44,2025-06-13,Active
60146,55398,91,Savings,9803.88,2025-06-13,Active
76943,245,91,Savings,62430.93,2025-06-13,Active
87882,404,66,Current,18575.76,2025-06-13,Closed
88406,4094,29,Savings,56800.37,2025-06-13,Closed
91777,12189,150,Salary,31081.25,2025-06-13,Active
94711,51415,76,NRI,17168.54,2025-06-13,Active
1390,51858,27,Savings,26822.6,2025-06-14,Closed
2245,12073,76,Savings,7075.87,2025-06-14,Active
8460,31602,21,Savings,28916.35,2025-06-14,Active
10249,35646,139,Current,129317.9,2025-06-14,Active
21846,36890,133,Fixed Deposit,85784.8,2025-06-14,Active
59821,28359,31,Savings,7138.93,2025-06-14,Active
61513,39025,105,Savings,39496.31,2025-06-14,Active
62655,29128,70,Current,25795.72,2025-06-14,Active
67026,37454,50,Savings,63749.22,2025-06-14,Active
79910,2927,71,Fixed Deposit,99313.5,2025-06-14,Active
84160,5474,5,Savings,148566.5,2025-06-14,Active
34277,1488,70,Savings,23068.91,2025-06-15,Active
48471,37551,15,Savings,71971.97,2025-06-15,Active
54294,6788,47,Salary,1507.45,2025-06-15,Closed
73261,47345,94,Savings,91509.58,2025-06-15,Dormant
8140,54627,133,Savings,57092.09,2025-06-16,Dormant
42993,8034,138,Savings,2993.15,2025-06-16,Active
43231,48004,53,Current,86107.57,2025-06-16,Active
59717,28532,119,Current,90939.02,2025-06-16,Active
74883,48943,119,Fixed Deposit,37143.9,2025-06-16,Active
81453,25532,42,Savings,26134.19,2025-06-16,Active
85538,30959,1,Savings,13130.39,2025-06-16,Active
89809,28224,149,Salary,2298.28,2025-06-16,Active
94033,46338,94,Savings,36126,2025-06-16,Active
94285,673,15,Savings,12949.08,2025-06-16,Active
18857,13564,28,Savings,34740.27,2025-06-17,Active
35723,14310,137,Savings,29194.23,2025-06-17,Dormant
36398,10267,128,Fixed Deposit,10013.29,2025-06-17,Active
42221,2470,84,NRI,60482.75,2025-06-17,Active
46632,9615,12,Savings,21703.91,2025-06-17,Active
49433,39521,7,Fixed Deposit,40303.17,2025-06-17,Active
56302,48765,149,Savings,3663.05,2025-06-17,Active
56741,42140,131,Savings,86337.47,2025-06-17,Active
60640,38419,52,Current,7667.14,2025-06-17,Dormant
62606,54133,16,Savings,5231.95,2025-06-17,Active
62890,49203,45,Savings,126806.68,2025-06-17,Dormant
71039,19622,62,Current,48306.59,2025-06-17,Closed
74065,47948,15,Current,7316.05,2025-06-17,Active
84726,38632,114,NRI,54456.49,2025-06-17,Active
86712,12951,14,Current,37353.22,2025-06-17,Active
1158,7937,53,Fixed Deposit,3628.18,2025-06-18,Active
6274,23110,22,Current,123930.6,2025-06-18,Active
14652,40447,131,Fixed Deposit,43352.59,2025-06-18,Active
26829,2495,94,Savings,51040.72,2025-06-18,Active
39411,46168,133,Savings,25730.54,2025-06-18,Active
51168,48310,136,Savings,10226.17,2025-06-18,Active
67489,51022,89,Salary,86570.43,2025-06-18,Active
76116,6044,37,Current,2847.77,2025-06-18,Active
76724,18884,70,Savings,18916.25,2025-06-18,Closed
90737,24420,60,Savings,11313.8,2025-06-18,Active
834,25803,109,Savings,2890.05,2025-06-19,Active
9635,2072,39,Savings,10517.39,2025-06-19,Active
18264,20377,138,Salary,62097.23,2025-06-19,Active
28812,7238,97,NRI,142847.21,2025-06-19,Active
37487,59781,94,Current,47603.17,2025-06-19,Active
47682,8823,69,Current,4518.26,2025-06-19,Active
54177,25527,71,Savings,39965.88,2025-06-19,Active
74395,9712,44,Salary,36894.01,2025-06-19,Dormant
1821,43008,126,Savings,30638.29,2025-06-20,Active
29193,2848,56,Savings,65591.15,2025-06-20,Active
29228,46021,146,Savings,56759.73,2025-06-20,Active
30010,18109,99,Savings,17723.46,2025-06-20,Active
32015,38883,66,Current,22483.37,2025-06-20,Active
32410,33794,132,Savings,71176.03,2025-06-20,Closed
37165,35575,90,Savings,58742.86,2025-06-20,Active
64085,45849,87,Savings,141188.77,2025-06-20,Active
64585,48243,124,NRI,3087.08,2025-06-20,Active
72481,27275,128,Savings,39294.11,2025-06-20,Active
81252,56003,130,Salary,25063.9,2025-06-20,Active
82246,36003,105,Savings,63289.87,2025-06-20,Dormant
83709,42293,95,Savings,64285.96,2025-06-20,Active
88427,39110,47,Savings,47798.55,2025-06-20,Active
90272,43006,134,Current,4773.97,2025-06-20,Active
93172,57183,134,Current,904.79,2025-06-20,Active
3557,58500,139,Salary,60014.47,2025-06-21,Active
9098,54228,117,Savings,50003.69,2025-06-21,Active
16639,3081,62,Savings,52238.19,2025-06-21,Dormant
27237,51790,74,Savings,95507.78,2025-06-21,Active
32393,48759,115,Savings,7529.31,2025-06-21,Active
38862,45514,51,Current,17336.65,2025-06-21,Active
39444,47509,87,Savings,117678.67,2025-06-21,Active
55811,12638,128,Salary,10985.43,2025-06-21,Active
62400,15320,98,Savings,66460.17,2025-06-21,Active
66129,15491,146,Savings,21426.5,2025-06-21,Active
79621,56059,137,Savings,9672.67,2025-06-21,Active
81485,25203,138,Savings,52320.81,2025-06-21,Active
1249,27028,86,Fixed Deposit,14640.04,2025-06-22,Dormant
5733,7289,58,Current,40509.9,2025-06-22,Active
26735,33906,88,Current,48173.06,2025-06-22,Active
28864,19613,149,Savings,41009.17,2025-06-22,Active
28871,22535,45,Savings,92649.88,2025-06-22,Active
50738,28784,42,Salary,100027.8,2025-06-22,Active
56598,56251,116,Current,24010.13,2025-06-22,Active
71269,57647,141,Salary,9095.27,2025-06-22,Active
2698,21099,50,Salary,5726.31,2025-06-23,Active
3662,46913,110,Savings,4061.82,2025-06-23,Active
4875,15685,76,Fixed Deposit,14476.56,2025-06-23,Active
11097,3393,114,Salary,94751.08,2025-06-23,Active
17704,2448,11,Savings,52622.41,2025-06-23,Active
20866,38780,44,Savings,65495.97,2025-06-23,Active
38284,52838,5,Salary,16074.01,2025-06-23,Active
48906,819,121,Current,44066.68,2025-06-23,Dormant
76221,42973,123,Fixed Deposit,41682.39,2025-06-23,Closed
79793,47286,100,Salary,3788.48,2025-06-23,Active
84965,59011,86,Salary,59059.43,2025-06-23,Active
86234,4813,17,Fixed Deposit,19255.2,2025-06-23,Active
87772,46386,11,Savings,32149.77,2025-06-23,Dormant
94907,29463,118,Fixed Deposit,24275.41,2025-06-23,Active
1100,4129,104,Savings,67692.56,2025-06-24,Active
3930,26818,77,Current,15949.4,2025-06-24,Active
12508,11310,43,Fixed Deposit,61334.77,2025-06-24,Active
19143,47389,52,Current,2989.25,2025-06-24,Active
36963,36638,6,Savings,96331.39,2025-06-24,Active
38281,52969,49,Salary,65432.72,2025-06-24,Active
47629,57324,113,NRI,61909.43,2025-06-24,Active
71006,33833,136,Current,34563.55,2025-06-24,Active
78184,47137,7,Savings,86327.63,2025-06-24,Active
82313,43844,47,Savings,3595.67,2025-06-24,Dormant
83966,25303,112,Fixed Deposit,17506.95,2025-06-24,Active
84264,41621,44,Savings,15712.93,2025-06-24,Active
88651,4511,101,Savings,85584.21,2025-06-24,Active
16054,37931,142,Savings,68572.05,2025-06-25,Active
24904,4564,124,Savings,91465.36,2025-06-25,Active
41743,45496,124,Savings,45330.88,2025-06-25,Active
43648,482,15,Savings,37416.42,2025-06-25,Active
52999,3909,100,Current,53608.13,2025-06-25,Closed
59255,25803,121,Current,24999.39,2025-06-25,Active
59655,51858,59,Current,55370.72,2025-06-25,Active
62853,4211,55,NRI,17865.85,2025-06-25,Active
64068,14150,86,Savings,20313.2,2025-06-25,Dormant
65071,37971,100,Savings,17168.97,2025-06-25,Active
73530,46682,6,NRI,9498.06,2025-06-25,Active
83716,19776,107,Savings,1810.01,2025-06-25,Active
91491,58223,148,Savings,26782.21,2025-06-25,Active
2699,1605,140,Current,100633.52,2025-06-26,Active
3935,27217,63,Salary,82955.32,2025-06-26,Active
12219,38513,118,Savings,28342.45,2025-06-26,Closed
14570,26130,142,Savings,18249.7,2025-06-26,Active
14640,53146,116,Salary,33570.89,2025-06-26,Active
20360,2976,76,Current,25688.96,2025-06-26,Active
29984,42906,68,Savings,17088.04,2025-06-26,Dormant
30883,299,73,Savings,29997.96,2025-06-26,Dormant
44336,58801,113,Savings,40406.11,2025-06-26,Active
48617,37117,132,Current,11584.95,2025-06-26,Active
54723,58292,113,Current,1868.06,2025-06-26,Active
62128,20113,13,Fixed Deposit,7773.68,2025-06-26,Active
62497,45256,87,Fixed Deposit,33373.7,2025-06-26,Active
69692,182,32,Savings,153268.94,2025-06-26,Active
89429,33117,59,Salary,14292.16,2025-06-26,Active
92691,28549,25,Savings,55933.59,2025-06-26,Active
3353,35076,120,Current,21100.42,2025-06-27,Active
4584,44708,65,Savings,10671.81,2025-06-27,Active
15930,34051,95,Fixed Deposit,26120.85,2025-06-27,Active
29735,315,147,Current,27438.97,2025-06-27,Active
35114,58724,56,Savings,104673.64,2025-06-27,Active
35586,23031,50,Savings,24553.34,2025-06-27,Active
37299,15368,19,Savings,123264.88,2025-06-27,Active
43194,24512,94,Fixed Deposit,15359,2025-06-27,Active
47831,4643,24,Savings,2092.9,2025-06-27,Active
48243,18977,136,Savings,1859.45,2025-06-27,Active
53070,17735,110,Savings,29685.87,2025-06-27,Dormant
55878,9545,97,Salary,2847.59,2025-06-27,Active
67089,55581,111,Current,56633.42,2025-06-27,Active
78756,13425,18,Salary,47440.14,2025-06-27,Dormant
83321,49362,74,Salary,35489.65,2025-06-27,Active
87290,35087,60,Current,27724.05,2025-06-27,Closed
89555,25639,122,Savings,81907.91,2025-06-27,Dormant
16450,8557,87,Salary,59886.47,2025-06-28,Active
30920,11114,98,Savings,25786.74,2025-06-28,Active
34973,18549,113,Current,93604.51,2025-06-28,Active
51951,55347,39,Salary,140871.83,2025-06-28,Active
70440,29414,31,Savings,62051.51,2025-06-28,Active
84646,32895,81,Savings,42516.52,2025-06-28,Active
85519,21592,79,Current,44673.5,2025-06-28,Dormant
87558,23938,97,Current,37634.01,2025-06-28,Active
94288,31737,44,Savings,34086.36,2025-06-28,Active
94300,42052,3,Salary,79959.25,2025-06-28,Active
5518,42052,92,Salary,61612.57,2025-06-29,Active
7234,29133,122,Savings,171692.74,2025-06-29,Active
12020,55885,104,Savings,51086.97,2025-06-29,Dormant
30159,46443,65,Salary,13208.7,2025-06-29,Active
34998,17042,19,Savings,39606.96,2025-06-29,Active
45949,10642,122,Savings,156723.12,2025-06-29,Active
46461,22689,55,Savings,30360.44,2025-06-29,Active
47324,4252,99,Savings,18481.32,2025-06-29,Active
48700,7768,10,Savings,6337.74,2025-06-29,Active
53221,775,57,Savings,53006.67,2025-06-29,Active
54909,30939,124,Salary,164556.57,2025-06-29,Dormant
63163,35094,72,Current,86821.29,2025-06-29,Dormant
82060,22420,89,Savings,142632.16,2025-06-29,Active
82242,46285,19,Salary,8325,2025-06-29,Dormant
89264,23254,56,Current,7992.86,2025-06-29,Active
89798,25288,47,Current,116903.73,2025-06-29,Active
5541,22986,135,Savings,63825.73,2025-06-30,Active
15436,31055,142,Savings,24428.91,2025-06-30,Active
16009,30544,120,Savings,33254.05,2025-06-30,Active
16814,21016,8,Savings,25197.82,2025-06-30,Active
18720,34227,145,NRI,37493.37,2025-06-30,Dormant
18827,51392,70,Savings,51822.24,2025-06-30,Active
23120,19148,150,Savings,139157.71,2025-06-30,Active
72196,54497,85,Current,31580.31,2025-06-30,Dormant
85241,12190,55,Salary,20660.93,2025-06-30,Active
85896,16873,54,Savings,35253.26,2025-06-30,Dormant
88530,33737,37,Current,20453,2025-06-30,Active
88848,35276,9,Savings,6101.35,2025-06-30,Active
90345,58437,39,Current,23246.94,2025-06-30,Active
94184,21046,55,Savings,76177.63,2025-06-30,Active
321,25252,37,Current,72790.35,2025-07-01,Active
2806,58029,97,Current,26439.24,2025-07-01,Active
5725,17726,130,Savings,20492.75,2025-07-01,Active
18525,32089,109,Savings,27531.8,2025-07-01,Active
20380,27829,64,Salary,7685.89,2025-07-01,Active
34147,10345,37,Current,40330.62,2025-07-01,Active
55033,30352,126,Fixed Deposit,45931.17,2025-07-01,Active
64272,53514,55,Savings,14292.36,2025-07-01,Active
72884,30613,48,Salary,60795.76,2025-07-01,Active
75846,36098,11,Fixed Deposit,45446.77,2025-07-01,Active
75967,40187,111,Savings,120490.04,2025-07-01,Active
92819,46920,93,Current,68130.55,2025-07-01,Active
2517,38764,32,Savings,103625.25,2025-07-02,Active
6945,24206,84,Savings,10541.14,2025-07-02,Dormant
7006,19705,124,Savings,52836.35,2025-07-02,Active
9637,34860,94,NRI,43976.15,2025-07-02,Active
9933,44373,103,Savings,153572.49,2025-07-02,Active
12223,35073,6,Current,38515.87,2025-07-02,Active
26247,54443,74,Salary,7327.53,2025-07-02,Active
30581,54631,59,Salary,94567.66,2025-07-02,Active
31405,34800,142,Savings,32464.36,2025-07-02,Active
33302,30701,95,Savings,21531.77,2025-07-02,Active
38373,2249,10,Savings,10265.25,2025-07-02,Closed
42009,52743,96,Savings,5591.06,2025-07-02,Closed
42227,14229,53,Savings,33232.96,2025-07-02,Active
49453,41670,55,Savings,100905.73,2025-07-02,Active
53282,49383,142,Savings,19447.35,2025-07-02,Active
60057,41088,91,Savings,33875.98,2025-07-02,Dormant
62544,26870,126,Salary,22131.77,2025-07-02,Active
68520,1735,5,Savings,36873.53,2025-07-02,Active
75167,41471,104,Salary,18014.04,2025-07-02,Active
84616,30432,85,Current,14694.65,2025-07-02,Active
883,23242,5,Current,44370.98,2025-07-03,Active
7064,18172,111,Current,17058.31,2025-07-03,Active
19112,4845,112,Savings,56557.52,2025-07-03,Active
19688,48359,78,Savings,20537.12,2025-07-03,Active
20846,33002,138,Savings,58572.42,2025-07-03,Active
21810,33463,145,Savings,909.37,2025-07-03,Active
29499,38459,62,Current,73027.85,2025-07-03,Active
32622,3622,56,Savings,7971.84,2025-07-03,Dormant
39439,44136,72,Savings,19377.67,2025-07-03,Active
41660,48533,47,Current,65125.72,2025-07-03,Active
72894,55285,95,Salary,95072.37,2025-07-03,Active
73157,10000,55,Current,58300.43,2025-07-03,Active
76613,45917,108,Savings,158323.82,2025-07-03,Active
77284,14300,109,Savings,34555.01,2025-07-03,Active
85264,30736,126,Savings,46989.33,2025-07-03,Active
92011,48302,82,Current,61024.74,2025-07-03,Dormant
5754,55427,94,Current,9000.42,2025-07-04,Active
7933,35814,115,Savings,27094.79,2025-07-04,Active
8865,6513,150,Savings,17661.45,2025-07-04,Active
27934,16845,114,Current,114196.79,2025-07-04,Active
38368,19309,22,Fixed Deposit,73994.2,2025-07-04,Active
38721,39502,70,Savings,32788.51,2025-07-04,Active
42867,58772,1,Current,119024.11,2025-07-04,Active
46815,57533,28,Current,17503.85,2025-07-04,Active
53287,11641,36,Fixed Deposit,32107.09,2025-07-04,Active
56732,36196,127,Savings,129785.56,2025-07-04,Dormant
59367,16599,82,Fixed Deposit,31989.85,2025-07-04,Dormant
59527,19969,97,Fixed Deposit,95357.04,2025-07-04,Active
60145,12039,60,Savings,30654.81,2025-07-04,Active
60970,41524,90,Current,10488.05,2025-07-04,Active
61012,13663,73,Savings,1090.84,2025-07-04,Active
62728,2292,149,Salary,11141.48,2025-07-04,Active
67310,49927,71,Fixed Deposit,1866.4,2025-07-04,Active
71568,3379,21,Current,22179.99,2025-07-04,Active
92098,4571,30,Fixed Deposit,104443.48,2025-07-04,Active
17783,20935,24,NRI,162655.88,2025-07-05,Active
33925,9125,142,Savings,2596.59,2025-07-05,Active
38838,47927,69,Savings,3417.47,2025-07-05,Dormant
40138,46161,26,Salary,29440.45,2025-07-05,Active
43332,40799,141,Savings,127803.39,2025-07-05,Active
51853,34910,21,Savings,10902.85,2025-07-05,Active
52689,39771,113,Savings,8953.48,2025-07-05,Active
64946,31808,124,NRI,61963.08,2025-07-05,Active
66969,54390,103,Savings,629.2,2025-07-05,Active
67882,5535,121,Savings,36656.22,2025-07-05,Active
76685,46057,59,Current,112102.18,2025-07-05,Closed
89938,36092,71,Savings,38189.04,2025-07-05,Active
9200,19577,17,Current,4599.96,2025-07-06,Closed
10180,34241,71,Savings,136583.27,2025-07-06,Active
10558,8715,96,Savings,189810.2,2025-07-06,Active
11281,23579,122,Current,54545.37,2025-07-06,Active
19534,27509,1,Savings,43202.27,2025-07-06,Active
20472,59386,125,Savings,22496.81,2025-07-06,Active
21374,31836,102,Savings,41501,2025-07-06,Active
34888,43939,108,Salary,3009.38,2025-07-06,Active
56285,18239,5,Fixed Deposit,31488.7,2025-07-06,Active
59177,52426,84,Current,49113.83,2025-07-06,Active
64381,53933,52,Fixed Deposit,36287.29,2025-07-06,Active
349,48488,95,Current,10300.88,2025-07-07,Active
5451,21268,37,NRI,25519.79,2025-07-07,Dormant
29930,2466,125,Savings,88515.02,2025-07-07,Active
35406,39093,115,Savings,8081.17,2025-07-07,Active
46230,53238,113,Salary,97237.41,2025-07-07,Active
64074,42861,97,Current,40028.94,2025-07-07,Dormant
74385,3111,36,Salary,53913.58,2025-07-07,Dormant
75439,42579,4,Current,78553.22,2025-07-07,Active
84963,43230,76,Savings,105735.47,2025-07-07,Active
3753,24312,27,Savings,138635.08,2025-07-08,Closed
10600,30378,33,Savings,34525.31,2025-07-08,Active
28268,30550,1,Salary,78972.31,2025-07-08,Closed
28862,40149,59,Current,6032.88,2025-07-08,Active
34188,8630,122,Current,13377.71,2025-07-08,Active
53057,45327,71,Current,22497.25,2025-07-08,Active
77005,47643,88,Salary,26586.05,2025-07-08,Dormant
79722,32041,25,Salary,47318.99,2025-07-08,Dormant
86850,27769,124,NRI,22454.47,2025-07-08,Active
86943,57968,58,Salary,57825.55,2025-07-08,Active
90852,30284,130,Current,29365.12,2025-07-08,Active
7322,43382,122,NRI,25915.75,2025-07-09,Active
16971,58816,5,Savings,101191.69,2025-07-09,Active
32750,44287,24,Savings,65626.71,2025-07-09,Active
37479,21163,22,NRI,65981.65,2025-07-09,Active
39998,44905,35,Salary,13195.55,2025-07-09,Active
41925,28653,30,Savings,14029.76,2025-07-09,Active
55403,31661,141,Current,46532.75,2025-07-09,Dormant
65925,35442,70,Salary,160665.13,2025-07-09,Active
66798,54611,150,Savings,71825.03,2025-07-09,Active
81949,31052,123,Savings,528.47,2025-07-09,Active
90070,35609,135,Savings,5703.43,2025-07-09,Active
16234,24500,10,Current,64138.57,2025-07-10,Active
19269,5832,14,Savings,1077.78,2025-07-10,Active
24536,33519,31,Savings,13581.32,2025-07-10,Active
62882,55833,91,NRI,39174.5,2025-07-10,Active
83813,46128,1,Savings,32061.58,2025-07-10,Dormant
84760,43821,121,Fixed Deposit,4532.37,2025-07-10,Active
87700,13738,113,Savings,24446.77,2025-07-10,Active
3375,10232,67,Savings,52176.67,2025-07-11,Active
5829,6782,133,Savings,1454.19,2025-07-11,Active
12072,51706,136,Savings,45401.32,2025-07-11,Active
36887,25687,85,Fixed Deposit,17572.2,2025-07-11,Active
38793,41639,81,Savings,39869.21,2025-07-11,Active
40337,42771,112,Savings,60218.46,2025-07-11,Active
69763,20111,93,Salary,25443.32,2025-07-11,Active
79338,58833,34,Savings,51142.02,2025-07-11,Active
94174,19741,51,Current,59203.17,2025-07-11,Active
94424,24013,74,Salary,14174.65,2025-07-11,Active
4860,49994,20,Salary,119732.99,2025-07-12,Active
25088,40366,136,Fixed Deposit,137620.28,2025-07-12,Active
38299,2027,82,NRI,10613.41,2025-07-12,Dormant
38352,34874,140,Salary,54584.37,2025-07-12,Dormant
60013,17835,124,Current,33258.69,2025-07-12,Active
65360,17612,76,Current,32165.38,2025-07-12,Active
66893,39118,101,Savings,1576.16,2025-07-12,Active
71937,35177,2,Current,27786.69,2025-07-12,Dormant
75176,19539,40,Savings,1139.23,2025-07-12,Active
75561,44379,146,Savings,41794.94,2025-07-12,Active
84151,29902,13,Current,5452.81,2025-07-12,Active
88768,36021,66,Current,32238.57,2025-07-12,Active
3427,40355,44,Savings,10867.51,2025-07-13,Active
22941,25073,76,Savings,25615.29,2025-07-13,Active
26290,7824,3,Fixed Deposit,1003.95,2025-07-13,Active
33205,32221,134,Savings,28529.75,2025-07-13,Active
35375,48735,61,Current,22241.67,2025-07-13,Active
38046,49402,64,Fixed Deposit,24038.73,2025-07-13,Active
46252,11141,90,Savings,45413.58,2025-07-13,Active
61889,321,136,Savings,32191.64,2025-07-13,Active
67558,7378,39,Savings,5723.71,2025-07-13,Active
69018,1186,114,Savings,53283.62,2025-07-13,Active
75293,30748,96,Current,182183.41,2025-07-13,Active
25024,33445,38,Savings,27529.77,2025-07-14,Active
42280,5313,122,Salary,41569.01,2025-07-14,Active
45005,22861,5,Salary,22228.9,2025-07-14,Dormant
46898,59030,34,Savings,37415.89,2025-07-14,Active
47784,35182,12,Savings,71985.26,2025-07-14,Active
64324,40383,78,Fixed Deposit,8452.96,2025-07-14,Active
66710,50247,69,Salary,126959.34,2025-07-14,Active
67867,6772,141,Current,37584.72,2025-07-14,Active
93543,16327,114,Current,47677.19,2025-07-14,Dormant
7177,1917,136,Salary,13689.51,2025-07-15,Active
11775,25887,58,Current,56132.92,2025-07-15,Active
12938,40519,125,Savings,35148.3,2025-07-15,Active
23687,46514,132,Savings,80053.65,2025-07-15,Dormant
25517,12161,147,Savings,6140.04,2025-07-15,Active
32487,29863,76,Savings,18473.5,2025-07-15,Dormant
33380,10965,17,Savings,686.25,2025-07-15,Active
37997,19056,7,Salary,106928.71,2025-07-15,Active
47963,51396,49,Savings,147563.63,2025-07-15,Active
51597,7219,118,Current,23340.06,2025-07-15,Active
64211,16015,145,Current,9460.25,2025-07-15,Active
65566,21437,4,Savings,78641.02,2025-07-15,Active
73661,56207,34,Fixed Deposit,115787.53,2025-07-15,Active
87613,36040,90,Savings,116553.91,2025-07-15,Active
3225,7022,133,Savings,23896.93,2025-07-16,Dormant
16014,33515,61,Savings,14757.68,2025-07-16,Active
20171,44965,15,Savings,19520.03,2025-07-16,Active
52074,37279,128,Savings,48530.13,2025-07-16,Active
54045,48108,95,Fixed Deposit,10643.13,2025-07-16,Active
66234,55173,144,Salary,19399.71,2025-07-16,Active
73167,49412,28,Salary,9834.19,2025-07-16,Active
80153,47715,54,Current,83069.82,2025-07-16,Active
80265,7372,132,Savings,6067.29,2025-07-16,Active
89189,58953,73,Savings,67640.95,2025-07-16,Active
1952,5596,109,NRI,2217.32,2025-07-17,Active
2299,19854,44,Salary,43397.39,2025-07-17,Active
6218,54144,37,Fixed Deposit,211877.01,2025-07-17,Active
16105,17227,64,Savings,156518.26,2025-07-17,Active
18879,36234,69,Current,66787.83,2025-07-17,Active
19109,42481,94,Current,8272.27,2025-07-17,Active
25042,57176,115,NRI,148801.03,2025-07-17,Active
35364,9950,74,Savings,6841.87,2025-07-17,Active
35787,58252,2,NRI,54913.74,2025-07-17,Active
39556,6257,106,Savings,39767.32,2025-07-17,Active
44717,3302,111,Current,126194.22,2025-07-17,Active
46110,36837,130,Salary,901.92,2025-07-17,Active
63495,28176,24,Savings,37652.67,2025-07-17,Active
63694,26363,99,Fixed Deposit,104794.73,2025-07-17,Dormant
70551,13104,117,NRI,72527.09,2025-07-17,Active
87904,1197,63,Current,15517.64,2025-07-17,Active
9065,45453,123,Current,71253.69,2025-07-18,Active
33361,14120,119,Savings,20290.16,2025-07-18,Active
36052,52398,67,Savings,15284.91,2025-07-18,Active
36111,15568,83,Savings,11883.05,2025-07-18,Active
39908,48356,82,Savings,10411.66,2025-07-18,Active
53900,14170,31,Salary,166150.4,2025-07-18,Active
63255,27040,128,Salary,91430.75,2025-07-18,Active
64014,51047,4,Fixed Deposit,28686.86,2025-07-18,Active
68689,42268,51,Savings,104655.1,2025-07-18,Active
73092,26831,150,NRI,55548.1,2025-07-18,Active
75253,36310,72,Current,72956.21,2025-07-18,Active
85621,6725,106,Salary,25450.59,2025-07-18,Active
3525,7015,120,Savings,11134.27,2025-07-19,Active
20793,28904,82,Savings,28467.23,2025-07-19,Active
21287,38218,109,Salary,716.14,2025-07-19,Dormant
22660,32541,85,Current,135754.51,2025-07-19,Active
26737,31683,133,Savings,105089.5,2025-07-19,Closed
42684,48004,42,Savings,117283.15,2025-07-19,Active
45232,31399,22,Savings,2337.55,2025-07-19,Dormant
47521,14219,34,Salary,145452.91,2025-07-19,Active
54212,32921,126,Savings,82644.21,2025-07-19,Active
54338,22366,67,NRI,44518.43,2025-07-19,Active
73312,42813,45,Current,51765.29,2025-07-19,Active
74012,22624,112,Savings,39016.35,2025-07-19,Active
79758,57551,32,Savings,20780.69,2025-07-19,Dormant
86218,5528,80,Savings,82292.44,2025-07-19,Dormant
86318,13911,22,Current,21618.05,2025-07-19,Active
91377,26217,102,Current,176673.28,2025-07-19,Dormant
4351,18697,69,Savings,22068.21,2025-07-20,Active
6662,3959,27,Fixed Deposit,40959.08,2025-07-20,Active
6998,25135,56,Savings,48782.92,2025-07-20,Active
8970,52057,101,Salary,261279.84,2025-07-20,Active
15892,645,77,Current,3360.6,2025-07-20,Active
36217,10676,132,Savings,8809.16,2025-07-20,Active
37428,52203,17,Salary,2492.99,2025-07-20,Active
57729,2348,60,Savings,9379.64,2025-07-20,Active
61332,10107,3,Savings,33048.56,2025-07-20,Active
70017,57321,145,Fixed Deposit,46843.7,2025-07-20,Active
7009,45938,140,Savings,91864.17,2025-07-21,Active
7759,29030,41,Savings,27533.24,2025-07-21,Active
8196,17788,42,Savings,63219.65,2025-07-21,Active
8600,33422,34,Savings,2492.56,2025-07-21,Active
8613,1167,93,Savings,25050.15,2025-07-21,Active
20520,45471,136,Savings,135485.56,2025-07-21,Active
30569,39912,110,Savings,12898.63,2025-07-21,Active
44635,46752,129,NRI,716.11,2025-07-21,Active
50418,53465,7,Current,6240.92,2025-07-21,Active
52681,35351,26,Savings,37496.97,2025-07-21,Active
59010,25828,4,Savings,88674.23,2025-07-21,Active
60519,36679,104,Fixed Deposit,30088.02,2025-07-21,Dormant
80395,36838,29,Savings,82639.51,2025-07-21,Active
82983,29605,50,Savings,60195.27,2025-07-21,Active
263,24868,47,Current,30969.24,2025-07-22,Active
21730,12604,58,NRI,60246.95,2025-07-22,Active
28151,38840,41,Savings,24653.93,2025-07-22,Active
45742,47255,45,Fixed Deposit,25099.73,2025-07-22,Active
47585,48021,141,Salary,918.9,2025-07-22,Active
54591,265,112,NRI,42825.91,2025-07-22,Active
56128,828,56,Savings,38385.79,2025-07-22,Closed
63749,6284,149,Savings,103941.86,2025-07-22,Active
64333,5460,36,Fixed Deposit,30604.39,2025-07-22,Active
71522,20288,14,Savings,23653.21,2025-07-22,Active
86466,9120,39,Savings,55781.03,2025-07-22,Active
88107,57262,125,Savings,25119.38,2025-07-22,Active
90761,23697,21,Current,2363.71,2025-07-22,Active
94418,21569,39,Savings,12735.24,2025-07-22,Active
10987,45855,103,Current,87394.55,2025-07-23,Active
28471,53496,146,Savings,11575.24,2025-07-23,Active
29575,45081,113,Savings,5763.94,2025-07-23,Active
31855,40706,9,Current,14193.74,2025-07-23,Active
51023,42718,108,Savings,61720.88,2025-07-23,Dormant
53471,26015,107,Savings,54783.92,2025-07-23,Active
55373,4086,143,Salary,7972.72,2025-07-23,Active
55902,55817,26,Fixed Deposit,76141.49,2025-07-23,Active
61034,21380,119,Savings,21990.42,2025-07-23,Active
67286,54104,116,Current,19327.18,2025-07-23,Active
80015,57140,40,Salary,23228.71,2025-07-23,Active
85234,57562,49,Savings,91924.51,2025-07-23,Active
86212,30036,148,Savings,14824.46,2025-07-23,Active
91940,42456,51,Savings,1004.36,2025-07-23,Active
5953,32545,82,Savings,42027.85,2025-07-24,Active
12099,47245,62,Salary,4258.34,2025-07-24,Active
31455,49501,111,Current,100613.03,2025-07-24,Dormant
34573,33499,4,Savings,2299.05,2025-07-24,Active
41699,24114,148,Salary,22436.38,2025-07-24,Closed
77525,24314,11,Savings,13622.94,2025-07-24,Active
80373,53404,19,NRI,32371.81,2025-07-24,Active
84700,54458,67,Current,13926.29,2025-07-24,Active
86739,12932,30,Savings,5192.27,2025-07-24,Active
1478,5620,110,Savings,63111.53,2025-07-25,Active
1822,35753,141,Savings,22133.24,2025-07-25,Active
6968,4956,81,Savings,21980.05,2025-07-25,Active
9855,8413,36,Salary,2202.39,2025-07-25,Active
10723,15975,39,Savings,7787.36,2025-07-25,Active
17566,59397,108,Current,54531.59,2025-07-25,Active
23271,53987,131,Savings,40567.88,2025-07-25,Dormant
35447,22465,76,Fixed Deposit,14913.5,2025-07-25,Active
43319,20178,33,Salary,50873.99,2025-07-25,Active
45735,10362,28,Savings,11712.47,2025-07-25,Active
47084,41927,140,Savings,33423.86,2025-07-25,Dormant
47522,40939,91,Savings,4819.94,2025-07-25,Active
50503,9215,28,Savings,27693.69,2025-07-25,Active
60282,52136,65,NRI,11585.79,2025-07-25,Active
61702,19189,140,Salary,139193.29,2025-07-25,Active
71920,4869,74,Current,27346.16,2025-07-25,Active
76058,4141,5,Savings,34318.61,2025-07-25,Active
83935,36880,101,Savings,46938.96,2025-07-25,Active
1081,50300,58,Savings,26161.33,2025-07-26,Active
13803,18156,25,Current,65654.92,2025-07-26,Active
25320,20720,120,Savings,7755.22,2025-07-26,Active
26120,7561,69,Savings,2459.6,2025-07-26,Closed
43568,26333,42,Savings,31534.18,2025-07-26,Active
54825,19699,53,Current,3383.29,2025-07-26,Active
62647,45861,40,Salary,44257.26,2025-07-26,Active
79524,45578,79,Savings,130301.29,2025-07-26,Active
2829,37692,30,Savings,62884.7,2025-07-27,Closed
4578,42908,58,Savings,22791.03,2025-07-27,Active
4850,14894,16,Salary,68490.74,2025-07-27,Active
9191,59916,9,Fixed Deposit,28466.65,2025-07-27,Active
10426,25476,85,Savings,20272.31,2025-07-27,Dormant
35051,5141,21,Current,3431.44,2025-07-27,Active
37680,42163,15,Current,21781.85,2025-07-27,Active
47815,45179,94,Savings,8057.93,2025-07-27,Active
49594,49413,6,Savings,36956.69,2025-07-27,Active
51306,17740,43,Savings,80785.63,2025-07-27,Active
64620,46707,76,Fixed Deposit,5853.43,2025-07-27,Active
82542,41393,75,Savings,21705.64,2025-07-27,Active
12213,15072,30,NRI,113913.27,2025-07-28,Active
12868,13822,87,Savings,4766.21,2025-07-28,Active
17929,47011,139,NRI,2584.45,2025-07-28,Active
19957,2621,75,Fixed Deposit,65000.53,2025-07-28,Active
24215,5052,24,Savings,32850.72,2025-07-28,Active
25567,55202,34,Savings,38236.56,2025-07-28,Active
27208,51728,72,Savings,142619.82,2025-07-28,Active
33102,30036,90,Salary,18436.96,2025-07-28,Active
33287,24935,100,Savings,76306.78,2025-07-28,Active
37538,14290,59,Savings,79031.65,2025-07-28,Active
38098,31913,39,Savings,31470.78,2025-07-28,Active
53735,43296,57,Current,10655.29,2025-07-28,Dormant
88345,48136,104,Savings,33914.65,2025-07-28,Active
90593,11227,89,Savings,43689.48,2025-07-28,Active
3106,22708,74,Savings,60746.39,2025-07-29,Active
12944,50684,60,Current,20065.47,2025-07-29,Active
24547,20829,104,Current,1263.49,2025-07-29,Active
24788,4618,147,Salary,10758.75,2025-07-29,Active
47001,35925,114,Savings,24690.6,2025-07-29,Active
48325,30881,73,NRI,1163.1,2025-07-29,Active
52860,1851,44,Savings,84099.21,2025-07-29,Active
69717,42899,71,Savings,28348.21,2025-07-29,Active
73473,21883,81,Salary,13123.97,2025-07-29,Active
75709,18184,120,Fixed Deposit,18482.26,2025-07-29,Active
77863,9416,113,Fixed Deposit,6197.44,2025-07-29,Active
78266,18929,52,Savings,33714.09,2025-07-29,Active
79667,25025,134,Savings,37618.75,2025-07-29,Active
81496,19610,95,Current,58238.38,2025-07-29,Active
84466,34519,115,Salary,30411.21,2025-07-29,Active
84549,37684,39,Savings,51231.2,2025-07-29,Active
94661,18784,71,Savings,34188.87,2025-07-29,Active
4070,19283,22,Current,42093.52,2025-07-30,Active
10781,32737,40,Salary,25236.44,2025-07-30,Active
16098,18858,76,Savings,1242.99,2025-07-30,Active
16995,26709,104,Savings,12396.77,2025-07-30,Active
19447,23723,93,Fixed Deposit,88180.73,2025-07-30,Active
32329,43869,70,Savings,7355.61,2025-07-30,Dormant
43362,10200,148,Savings,65179.87,2025-07-30,Active
59053,57488,141,Savings,2849.53,2025-07-30,Active
78876,57499,124,Current,3056.26,2025-07-30,Active
89649,34054,92,Savings,60980.42,2025-07-30,Dormant
12791,44602,115,Savings,4653.91,2025-07-31,Active
49621,27230,96,Savings,13705.2,2025-07-31,Active
70228,4453,21,Savings,46320.38,2025-07-31,Active
74344,33131,58,Current,37235.14,2025-07-31,Active
74795,18007,24,Fixed Deposit,6851.58,2025-07-31,Active
80405,24369,51,Savings,46197.71,2025-07-31,Active
90799,82,56,Savings,10390.71,2025-07-31,Active
92418,9547,26,Savings,6595.44,2025-07-31,Active
4335,50288,56,Savings,105535.8,2025-08-01,Active
4563,58504,88,Current,100470.05,2025-08-01,Active
4804,46797,112,Salary,49391.93,2025-08-01,Dormant
6368,59237,133,Savings,102954.52,2025-08-01,Closed
10485,18616,149,Savings,13201.52,2025-08-01,Active
19490,44448,25,Current,11617.52,2025-08-01,Active
29712,59550,17,Salary,23135.55,2025-08-01,Active
30627,23666,45,Savings,46546.42,2025-08-01,Active
38550,39643,67,Salary,22896.09,2025-08-01,Active
40671,44910,29,Fixed Deposit,61783.19,2025-08-01,Active
60606,26626,20,Current,49765.51,2025-08-01,Active
61792,45024,137,Savings,15600.83,2025-08-01,Active
76297,51523,123,Savings,807.07,2025-08-01,Active
78872,8792,90,Savings,87931.95,2025-08-01,Active
88812,49473,56,Current,60027.31,2025-08-01,Active
89423,5612,94,Savings,278667.11,2025-08-01,Active
93459,9264,30,Savings,29132.06,2025-08-01,Active
78,23100,139,Current,7514.79,2025-08-02,Active
3866,46755,116,Fixed Deposit,18358.08,2025-08-02,Active
4290,45797,79,Current,39171.17,2025-08-02,Active
11639,49884,48,Savings,8714.55,2025-08-02,Active
37717,28633,60,Salary,9730.35,2025-08-02,Active
49928,47043,89,Salary,59696.56,2025-08-02,Active
51311,33072,42,Savings,17449.24,2025-08-02,Active
69300,58031,62,Current,68456.98,2025-08-02,Dormant
79755,167,44,Savings,53175.76,2025-08-02,Active
89371,46425,76,NRI,41077.09,2025-08-02,Active
3373,30826,23,Savings,28277.66,2025-08-03,Active
15268,27076,2,Salary,23546.45,2025-08-03,Active
17303,55129,125,Savings,30586.38,2025-08-03,Active
20237,55728,12,Savings,136313.22,2025-08-03,Dormant
31478,32615,128,NRI,55779.76,2025-08-03,Active
79670,16678,121,Savings,60273.01,2025-08-03,Active
80627,41570,103,Current,31940.35,2025-08-03,Active
1529,3673,66,Current,57849.28,2025-08-04,Active
4319,32759,114,Savings,77949.68,2025-08-04,Active
12489,38942,114,Fixed Deposit,54161.95,2025-08-04,Active
14796,27904,14,NRI,7213.82,2025-08-04,Closed
22227,52066,105,Savings,8418.16,2025-08-04,Active
26522,59024,107,Savings,81265.66,2025-08-04,Active
28947,52716,128,Current,70014.04,2025-08-04,Active
42880,25239,3,Savings,77958.87,2025-08-04,Active
55305,15542,13,Savings,8262.34,2025-08-04,Active
60828,20598,70,Savings,77133.19,2025-08-04,Dormant
71728,55027,41,Savings,34702.22,2025-08-04,Active
89613,2896,24,Salary,21368.88,2025-08-04,Closed
3035,13484,132,Savings,16619.9,2025-08-05,Active
4906,21239,67,NRI,6011.94,2025-08-05,Closed
14050,28791,147,Savings,9693.54,2025-08-05,Active
17589,41297,15,Savings,27986.44,2025-08-05,Closed
52446,47279,99,NRI,1265.28,2025-08-05,Active
59280,2291,104,Salary,36566.27,2025-08-05,Active
61593,26881,21,Savings,71355.92,2025-08-05,Active
69729,6250,39,Savings,101688.7,2025-08-05,Closed
74407,17184,5,Current,38155.02,2025-08-05,Active
74813,45385,79,Savings,58083.21,2025-08-05,Active
76686,18364,65,Fixed Deposit,43672.35,2025-08-05,Active
79523,34126,112,Current,3679.56,2025-08-05,Active
91733,31782,24,Current,35699.23,2025-08-05,Active
7953,39165,99,Salary,87015.17,2025-08-06,Active
9244,33522,68,NRI,34190.65,2025-08-06,Active
16665,57742,56,Savings,66436.46,2025-08-06,Dormant
31457,35922,123,Current,98567.46,2025-08-06,Active
31691,32026,126,Savings,46362.71,2025-08-06,Active
32344,483,61,Savings,8398.48,2025-08-06,Active
37190,50562,19,NRI,36638.65,2025-08-06,Active
38440,59884,54,Current,5352.04,2025-08-06,Active
39607,4266,59,Salary,2147.35,2025-08-06,Active
5241,4688,85,Savings,3749.4,2025-08-07,Active
44963,17708,119,NRI,15545.33,2025-08-07,Dormant
52954,27601,61,Salary,15073.33,2025-08-07,Active
76796,57984,126,Savings,41329.76,2025-08-07,Active
82864,25540,16,Fixed Deposit,184112.78,2025-08-07,Active
88454,2912,102,Fixed Deposit,33362.8,2025-08-07,Active
90010,57186,124,Savings,26156.08,2025-08-07,Active
14672,50705,103,Current,1594.89,2025-08-08,Active
20971,9401,30,Current,40836.82,2025-08-08,Active
39580,1257,27,Savings,197934.01,2025-08-08,Active
55304,28072,72,Savings,14570.13,2025-08-08,Closed
68038,14030,84,Salary,195452.12,2025-08-08,Active
73540,59438,18,Savings,72119.74,2025-08-08,Active
78585,48991,57,Salary,10586.11,2025-08-08,Active
4683,6700,116,Savings,35192.86,2025-08-09,Active
5596,51964,88,Savings,22139.52,2025-08-09,Active
17554,43776,138,Fixed Deposit,43087.49,2025-08-09,Active
20848,16577,73,Salary,19719.21,2025-08-09,Active
28200,7173,78,Current,45280.56,2025-08-09,Active
30820,7849,2,Savings,1751.97,2025-08-09,Active
31005,10040,113,Salary,55490.16,2025-08-09,Active
31294,9708,140,Current,90365.75,2025-08-09,Dormant
37123,49058,85,Savings,4814.43,2025-08-09,Active
43461,37369,85,Savings,18076.75,2025-08-09,Active
46356,5955,2,Savings,21739.78,2025-08-09,Active
52376,25619,30,Savings,34517.62,2025-08-09,Closed
58757,20985,111,Savings,5611.05,2025-08-09,Dormant
58923,7750,88,Savings,28592.54,2025-08-09,Active
75842,46955,64,Salary,325109.1,2025-08-09,Active
1746,23938,71,Salary,52214.86,2025-08-10,Dormant
3655,37409,119,Savings,17510.04,2025-08-10,Active
4734,50925,86,Savings,13378.61,2025-08-10,Active
8448,44532,150,Current,11136.44,2025-08-10,Active
20039,42445,88,Savings,17231.44,2025-08-10,Dormant
22683,26823,25,Fixed Deposit,36712.9,2025-08-10,Active
28301,57857,45,Savings,57325.35,2025-08-10,Dormant
34841,646,116,Savings,93854.88,2025-08-10,Dormant
35839,17069,30,Savings,53378.36,2025-08-10,Active
44359,6703,13,Current,15342.85,2025-08-10,Active
49243,52772,123,Savings,57739.37,2025-08-10,Active
53105,31210,33,Current,116334.96,2025-08-10,Closed
55890,22238,1,Fixed Deposit,37257.12,2025-08-10,Active
61668,22084,117,Current,94960.52,2025-08-10,Closed
61869,18249,85,Salary,143044.88,2025-08-10,Active
69785,31961,30,Current,39548.37,2025-08-10,Active
72140,22178,102,Fixed Deposit,14158.5,2025-08-10,Active
77872,46803,147,Salary,2256.21,2025-08-10,Active
10690,50497,37,Current,38651.22,2025-08-11,Active
15787,16149,141,Salary,28509.9,2025-08-11,Active
44814,5732,61,Savings,3774.88,2025-08-11,Active
51480,51503,61,Current,14715.45,2025-08-11,Active
57286,23494,134,Current,57432.71,2025-08-11,Active
68653,24108,55,Salary,65114.22,2025-08-11,Active
75259,59052,78,Current,76113.96,2025-08-11,Active
75272,56938,109,Savings,6436.59,2025-08-11,Active
92742,10199,69,Current,4597.08,2025-08-11,Active
93106,46766,20,Savings,94215.41,2025-08-11,Active
93347,56844,113,Current,24973.98,2025-08-11,Active
95000,53515,34,Savings,221443.76,2025-08-11,Active
13627,19181,114,Savings,13934.12,2025-08-12,Active
27887,29818,29,Current,30463.06,2025-08-12,Active
34131,26881,143,Current,77632.15,2025-08-12,Active
47230,49803,10,Fixed Deposit,23528.8,2025-08-12,Active
63586,5713,56,Salary,4976.92,2025-08-12,Active
68784,3910,111,Savings,131492.41,2025-08-12,Dormant
80411,54947,117,Savings,32573.27,2025-08-12,Active
88932,48783,129,Savings,66906.1,2025-08-12,Active
92202,42342,128,NRI,42628.47,2025-08-12,Active
6590,56966,61,Savings,28738.01,2025-08-13,Active
15657,42325,136,Savings,25705.26,2025-08-13,Active
21365,45966,97,Savings,203775.02,2025-08-13,Active
21552,3255,19,Savings,2511.2,2025-08-13,Active
27171,23373,71,Savings,2985.05,2025-08-13,Active
29621,10374,49,Savings,72108.71,2025-08-13,Active
43484,21193,104,Current,141250.4,2025-08-13,Active
56701,24287,139,NRI,32647.43,2025-08-13,Active
59375,55404,55,Salary,75611.2,2025-08-13,Active
77806,59130,41,Current,9832.35,2025-08-13,Active
80868,47265,92,Savings,53973.74,2025-08-13,Active
89968,24348,64,Savings,37099.15,2025-08-13,Dormant
93174,48708,38,Savings,77724.36,2025-08-13,Dormant
17629,12668,128,Savings,124074.79,2025-08-14,Active
25905,47854,90,NRI,669.13,2025-08-14,Active
29730,6402,132,Fixed Deposit,5515.85,2025-08-14,Active
46702,25857,51,Fixed Deposit,37503.14,2025-08-14,Active
58538,29561,148,Salary,71041.62,2025-08-14,Active
60751,50694,29,Fixed Deposit,1453.32,2025-08-14,Active
7853,591,118,Current,17901.59,2025-08-15,Active
16076,45864,23,Salary,89165.02,2025-08-15,Active
20093,7295,14,Fixed Deposit,143620.58,2025-08-15,Active
32468,59163,98,Savings,43646.61,2025-08-15,Active
37287,12127,109,Savings,34530.32,2025-08-15,Dormant
41070,43773,23,Savings,2980.35,2025-08-15,Dormant
71696,24595,43,Savings,35973.87,2025-08-15,Active
82415,23912,53,Savings,14522.31,2025-08-15,Active
87675,39208,35,Savings,1134.83,2025-08-15,Active
3979,57641,79,Current,23217.99,2025-08-16,Active
5162,16161,52,Savings,157630.36,2025-08-16,Dormant
10694,15937,137,Savings,52859.64,2025-08-16,Dormant
22741,29998,117,NRI,67832.45,2025-08-16,Active
32668,37570,30,Fixed Deposit,15960.51,2025-08-16,Active
33893,25657,138,Savings,32171.14,2025-08-16,Active
34626,34525,22,Savings,5280.71,2025-08-16,Dormant
36953,43689,124,Savings,6772.09,2025-08-16,Active
43294,48770,91,Savings,22620.38,2025-08-16,Active
53071,28019,43,Current,14054.07,2025-08-16,Active
58324,31489,106,Savings,92651.11,2025-08-16,Active
62244,256,93,Salary,4412.32,2025-08-16,Active
66381,14998,84,Current,86942.8,2025-08-16,Active
66397,49290,122,Current,6342.79,2025-08-16,Active
72271,1103,98,Current,9213.26,2025-08-16,Active
72449,25252,130,Salary,13941.43,2025-08-16,Active
86432,14863,23,Savings,3359.85,2025-08-16,Active
87635,16848,89,Savings,42904.05,2025-08-16,Active
92504,59489,68,Savings,25620.15,2025-08-16,Closed
9472,5057,110,Savings,91008.47,2025-08-17,Active
19308,14449,111,Savings,3156.24,2025-08-17,Active
41755,59560,30,Savings,11959.59,2025-08-17,Active
45176,24723,69,Savings,177822.29,2025-08-17,Active
45815,38953,18,Fixed Deposit,12404.74,2025-08-17,Active
49307,44067,145,Savings,117956.03,2025-08-17,Active
50559,27108,144,Savings,10002.72,2025-08-17,Active
53625,54273,71,Savings,14358.08,2025-08-17,Dormant
65196,47639,33,Current,28017.32,2025-08-17,Active
12091,17782,48,Savings,61344.39,2025-08-18,Active
27527,38953,58,Savings,26960.45,2025-08-18,Dormant
27546,47974,3,Savings,29298.96,2025-08-18,Active
32144,31939,138,Salary,842.53,2025-08-18,Active
34436,34108,73,Current,28855.88,2025-08-18,Active
36209,31083,95,Savings,48729.6,2025-08-18,Active
42355,44768,124,Savings,47250.52,2025-08-18,Active
43151,1409,46,Salary,22687.34,2025-08-18,Active
47620,56052,98,Current,4883.8,2025-08-18,Active
49392,53215,122,Savings,118851.49,2025-08-18,Active
50297,46736,87,Savings,192047.14,2025-08-18,Active
51059,37874,37,Savings,4229.65,2025-08-18,Active
56750,12677,42,Savings,22141.83,2025-08-18,Active
59383,31000,129,Current,47796.6,2025-08-18,Active
63192,11400,105,Salary,14686.02,2025-08-18,Active
64856,24353,103,Current,26731.54,2025-08-18,Dormant
83166,57891,137,Current,53562.99,2025-08-18,Active
83184,42956,126,Savings,22236.83,2025-08-18,Dormant
87181,7640,79,Savings,22877.04,2025-08-18,Active
90111,25579,11,Current,93922.68,2025-08-18,Active
91324,57545,48,Savings,11280.06,2025-08-18,Active
4079,32984,27,Current,28832.39,2025-08-19,Active
13052,18264,34,Current,28874.18,2025-08-19,Dormant
30813,16842,62,Savings,22112.62,2025-08-19,Closed
30909,377,11,Salary,91980.26,2025-08-19,Active
31179,29679,96,Fixed Deposit,19956.76,2025-08-19,Active
39615,2759,5,Savings,7045.07,2025-08-19,Active
41707,16407,87,Savings,2156.83,2025-08-19,Active
48167,49940,67,Savings,18581.05,2025-08-19,Active
50096,46545,45,Savings,58028.15,2025-08-19,Active
54233,37831,25,Fixed Deposit,41110.9,2025-08-19,Active
65749,58149,39,Current,57378.83,2025-08-19,Active
83253,7217,143,Salary,4932.21,2025-08-19,Active
93128,48026,91,Fixed Deposit,50852.94,2025-08-19,Active
94514,4639,122,Savings,14514.45,2025-08-19,Active
19213,4783,99,Salary,39883.03,2025-08-20,Active
38384,18894,16,Savings,30403.53,2025-08-20,Active
39388,31181,32,Savings,13780.5,2025-08-20,Active
46540,12726,76,Savings,36838.38,2025-08-20,Active
75579,44248,95,Fixed Deposit,36900.87,2025-08-20,Active
82380,12568,142,Savings,6032.98,2025-08-20,Active
8695,28434,83,Current,1036.61,2025-08-21,Dormant
20800,42576,92,Current,21947.42,2025-08-21,Dormant
24694,8468,114,Fixed Deposit,15640.47,2025-08-21,Active
25404,19200,34,Current,29237.04,2025-08-21,Active
33221,21219,49,Current,39493.9,2025-08-21,Active
34689,45348,119,Savings,4889.43,2025-08-21,Active
37778,50259,112,Savings,3620.98,2025-08-21,Active
40610,35835,92,Fixed Deposit,97552.03,2025-08-21,Active
43634,44228,106,Fixed Deposit,123855.75,2025-08-21,Closed
88108,56933,96,Salary,153090.24,2025-08-21,Active
92888,52404,35,NRI,42285.96,2025-08-21,Active
2162,8933,102,Savings,18944.6,2025-08-22,Active
5008,6727,115,Salary,68838,2025-08-22,Active
5351,28793,51,Savings,66668.26,2025-08-22,Active
10670,6534,66,Salary,17658.48,2025-08-22,Active
18178,40648,62,Salary,9503.69,2025-08-22,Active
34725,59470,59,Savings,85963.3,2025-08-22,Active
37796,18795,96,Savings,118886.07,2025-08-22,Active
38880,55979,118,Current,24454.67,2025-08-22,Closed
57543,49170,57,Salary,6099.76,2025-08-22,Active
60732,30793,98,Current,45019.67,2025-08-22,Active
61456,38835,117,Current,18649.79,2025-08-22,Dormant
71434,36028,16,Fixed Deposit,151841.75,2025-08-22,Dormant
32041,28391,75,Current,6310.12,2025-08-23,Active
37977,45247,146,Savings,11785.2,2025-08-23,Active
41411,17149,36,Savings,13354.06,2025-08-23,Active
41663,39931,82,Savings,81281.61,2025-08-23,Active
51041,4626,41,Savings,58806.58,2025-08-23,Active
80026,10347,102,Savings,42317.4,2025-08-23,Active
88188,37152,150,NRI,144923.36,2025-08-23,Active
1195,40689,131,Fixed Deposit,14784.34,2025-08-24,Active
2658,3592,79,Savings,30507.66,2025-08-24,Active
9035,47899,53,Savings,8215.3,2025-08-24,Active
35735,26439,97,Current,62186.57,2025-08-24,Dormant
37093,29544,146,Salary,28058.42,2025-08-24,Active
50482,22643,68,Fixed Deposit,50054.89,2025-08-24,Active
52205,26403,70,Salary,27817.96,2025-08-24,Active
55790,30571,71,Current,90461.22,2025-08-24,Active
59215,27528,140,Current,3421.93,2025-08-24,Active
61472,31636,84,Savings,8744.25,2025-08-24,Active
65877,37048,122,Savings,6745.94,2025-08-24,Closed
82386,13703,4,Savings,13748.11,2025-08-24,Active
87867,132,64,Current,26930.45,2025-08-24,Active
769,44969,42,Salary,62835.28,2025-08-25,Active
1329,15773,95,Savings,8648.15,2025-08-25,Closed
1387,10322,127,Savings,71330.92,2025-08-25,Active
19684,58303,76,Current,31477.95,2025-08-25,Active
23447,41369,134,Current,29218.59,2025-08-25,Active
58200,52014,46,Salary,53498.31,2025-08-25,Active
58783,30823,14,Savings,76355.82,2025-08-25,Closed
66013,1045,130,Current,1357.22,2025-08-25,Active
73486,3653,62,Savings,45022.63,2025-08-25,Active
84446,25939,125,Savings,35167.27,2025-08-25,Active
6246,4413,53,Fixed Deposit,158398.81,2025-08-26,Closed
17788,58281,82,Current,74671.96,2025-08-26,Active
26838,45423,89,Savings,4941.27,2025-08-26,Active
33238,29801,133,Savings,27464.99,2025-08-26,Active
38001,42086,72,Fixed Deposit,49701.23,2025-08-26,Active
45504,39719,120,Savings,5775.07,2025-08-26,Active
45573,7816,57,Salary,137401.54,2025-08-26,Active
49055,16923,44,Current,207459.91,2025-08-26,Active
58343,38203,32,Savings,22630.69,2025-08-26,Dormant
72210,43948,68,Savings,10642.62,2025-08-26,Dormant
72269,1736,68,Savings,70340.43,2025-08-26,Active
76777,7744,64,Savings,9000.64,2025-08-26,Active
85089,40435,18,Salary,25879.81,2025-08-26,Active
87709,13562,91,Current,31113.61,2025-08-26,Dormant
94958,16955,4,Current,75498.67,2025-08-26,Active
2221,12081,112,Salary,93297.3,2025-08-27,Active
6150,19512,39,Salary,17558.81,2025-08-27,Active
11042,6585,61,Savings,14160.42,2025-08-27,Active
13252,34922,87,Savings,15465.21,2025-08-27,Active
20425,1039,81,Savings,6693.15,2025-08-27,Active
20426,32726,135,Savings,184984.23,2025-08-27,Active
22775,42493,23,Fixed Deposit,9514.9,2025-08-27,Active
30931,54519,53,Savings,31471.46,2025-08-27,Active
50285,3890,53,Savings,113470.38,2025-08-27,Active
54618,2675,54,Current,20896.17,2025-08-27,Active
73680,53341,145,Current,37568.95,2025-08-27,Active
78176,1754,148,NRI,58954.17,2025-08-27,Active
3453,40636,28,Savings,59842.27,2025-08-28,Active
4414,38739,122,Current,36267.34,2025-08-28,Active
8552,59002,97,Savings,17183.05,2025-08-28,Dormant
9570,6540,109,Savings,21766.07,2025-08-28,Active
11836,52841,6,Salary,16972.67,2025-08-28,Active
13149,59264,148,Savings,168561.32,2025-08-28,Active
19337,37041,23,Fixed Deposit,122010.13,2025-08-28,Active
22287,35787,64,Current,40756.72,2025-08-28,Active
22329,43546,21,Savings,76965.89,2025-08-28,Active
24915,56464,70,Savings,20230.83,2025-08-28,Closed
28451,38025,28,Savings,832.49,2025-08-28,Active
32645,37498,146,Salary,32089.08,2025-08-28,Active
46594,39212,128,Current,6568.2,2025-08-28,Active
66495,25001,85,Savings,106027.48,2025-08-28,Active
74212,49869,118,Savings,17143.74,2025-08-28,Active
78832,5069,62,Current,17238.06,2025-08-28,Active
80586,14748,88,Salary,17651.66,2025-08-28,Dormant
88054,51627,73,Savings,1138.09,2025-08-28,Dormant
94587,41608,98,Savings,77426.59,2025-08-28,Active
8327,7805,87,Savings,57251.73,2025-08-29,Active
10269,59191,54,Savings,8022.49,2025-08-29,Active
12647,19197,44,Current,17310.12,2025-08-29,Active
17268,54095,110,Current,12184.9,2025-08-29,Active
17341,42206,58,Current,21824.76,2025-08-29,Active
30988,50725,92,Fixed Deposit,39700.29,2025-08-29,Active
37133,53067,35,NRI,70987.06,2025-08-29,Active
39845,16502,103,Current,21643.26,2025-08-29,Active
42809,46959,119,Current,13239.76,2025-08-29,Active
54986,43965,26,Savings,73129.6,2025-08-29,Active
56152,3779,53,NRI,162238.18,2025-08-29,Dormant
77670,10710,33,Savings,7598.74,2025-08-29,Dormant
86523,5061,142,Fixed Deposit,39470.87,2025-08-29,Closed
86746,42621,67,Savings,48448.38,2025-08-29,Active
86872,14844,19,Salary,1172.13,2025-08-29,Active
88204,54802,59,Savings,31265.65,2025-08-29,Active
93886,43562,64,Savings,27020.66,2025-08-29,Active
9907,4735,79,Current,66528.74,2025-08-30,Active
10906,18239,66,Salary,15955.54,2025-08-30,Active
18320,52216,34,Salary,15339.37,2025-08-30,Active
19012,7206,30,NRI,49264.15,2025-08-30,Active
22928,47249,86,Current,5089.85,2025-08-30,Active
24862,29669,71,Fixed Deposit,103630.09,2025-08-30,Active
34435,38920,79,Savings,36826.48,2025-08-30,Closed
42013,22431,124,Salary,5406.95,2025-08-30,Active
43213,16712,131,Current,19879.95,2025-08-30,Dormant
60861,57196,119,Savings,80123.61,2025-08-30,Dormant
62684,16603,24,Savings,21554.36,2025-08-30,Active
76545,12241,74,Current,31809.15,2025-08-30,Active
85584,53633,104,Savings,4641.66,2025-08-30,Active
88355,38181,3,Current,130921.93,2025-08-30,Dormant
94525,56493,60,Salary,28441.36,2025-08-30,Closed
8287,43942,56,Current,111082.21,2025-08-31,Active
8606,24568,130,Current,29574.14,2025-08-31,Active
17071,26581,114,Salary,35724.32,2025-08-31,Active
17465,16204,5,Savings,3324.44,2025-08-31,Active
26942,48839,92,Savings,35835.35,2025-08-31,Active
27648,29916,56,Savings,16263.18,2025-08-31,Active
32101,36898,2,Savings,4821.42,2025-08-31,Active
54587,45058,54,Savings,17207.26,2025-08-31,Active
62627,41941,64,Savings,35446.62,2025-08-31,Active
62660,27171,106,Fixed Deposit,22042.46,2025-08-31,Active
65069,23435,74,Current,18765.94,2025-08-31,Active
66373,42967,23,Savings,8113.04,2025-08-31,Active
76095,58247,119,Savings,10105.13,2025-08-31,Dormant
87677,58865,54,Savings,10166.25,2025-08-31,Active
3756,35692,137,Current,51266.78,2025-09-01,Active
5584,24032,17,Savings,52146.34,2025-09-01,Active
17573,17641,33,Current,107042.7,2025-09-01,Active
36831,34438,37,Savings,32081.98,2025-09-01,Active
45231,199,86,Current,17600.04,2025-09-01,Active
53586,26712,83,Salary,69701.39,2025-09-01,Active
56801,44424,9,Fixed Deposit,53579.85,2025-09-01,Dormant
56839,56508,122,Current,20202.06,2025-09-01,Active
61647,1474,109,Savings,75076.9,2025-09-01,Dormant
63167,13607,75,Savings,9859.24,2025-09-01,Active
64422,41201,147,Salary,22364.54,2025-09-01,Active
72951,58429,51,Salary,37536.66,2025-09-01,Active
76602,7966,68,Savings,5683.51,2025-09-01,Active
79510,36557,26,Savings,18562.46,2025-09-01,Active
82610,40132,61,Savings,4842.24,2025-09-01,Active
92658,56528,48,Salary,76482.23,2025-09-01,Active
9883,4243,53,Current,27642.88,2025-09-02,Active
14911,38111,56,Savings,74422.5,2025-09-02,Active
20869,8215,121,Savings,8551.17,2025-09-02,Active
39157,46666,108,NRI,52043.05,2025-09-02,Active
59335,23616,43,Savings,81989.42,2025-09-02,Active
64461,8968,54,Savings,42640,2025-09-02,Dormant
65347,41967,95,Salary,19805.24,2025-09-02,Active
66922,19022,18,Savings,111069.14,2025-09-02,Active
68315,10250,63,Savings,1620.65,2025-09-02,Active
70820,57552,78,Savings,24840.42,2025-09-02,Active
72006,44936,80,Savings,16723.1,2025-09-02,Active
83462,59460,84,Savings,55063.01,2025-09-02,Active
87796,56351,117,Salary,40346.59,2025-09-02,Active
93761,29300,116,Current,7989.12,2025-09-02,Active
93806,58202,75,Savings,7906.07,2025-09-02,Active
15144,27178,85,Current,21533.18,2025-09-03,Active
16332,43685,43,Current,13871.31,2025-09-03,Active
16449,50732,104,Savings,3090.32,2025-09-03,Active
16528,32794,138,Current,32620.67,2025-09-03,Active
18222,5055,93,Savings,12369.66,2025-09-03,Dormant
23465,40351,99,Savings,84066.67,2025-09-03,Active
24577,57919,124,Fixed Deposit,627.74,2025-09-03,Active
24743,45242,74,Current,3300.02,2025-09-03,Active
60137,47341,99,Savings,225212.15,2025-09-03,Active
65148,3278,64,Salary,14114.64,2025-09-03,Dormant
66877,7046,96,Savings,29496.05,2025-09-03,Active
73906,35325,119,Salary,109892.57,2025-09-03,Active
79337,52976,113,Current,108786.23,2025-09-03,Active
86586,24847,48,Savings,82089.22,2025-09-03,Active
90362,20304,147,Current,47681.46,2025-09-03,Active
92543,50013,34,Salary,22039.91,2025-09-03,Closed
93896,42241,137,Savings,21293.08,2025-09-03,Active
5098,13030,36,Current,23648.78,2025-09-04,Active
6510,18501,117,Current,64838,2025-09-04,Active
10036,10717,116,Savings,58910.07,2025-09-04,Active
28487,13182,88,Salary,136118.83,2025-09-04,Active
29142,33013,64,Current,41441.51,2025-09-04,Active
33536,32102,138,Savings,39009.18,2025-09-04,Active
34726,28676,143,Fixed Deposit,16052.74,2025-09-04,Active
37431,6234,37,Savings,39114.34,2025-09-04,Active
54641,54591,89,NRI,27586.27,2025-09-04,Active
56547,37882,123,Savings,55668.68,2025-09-04,Active
57562,10719,148,Savings,80359.12,2025-09-04,Active
62601,32922,100,Savings,5748.12,2025-09-04,Active
65999,45752,32,Salary,60251.75,2025-09-04,Closed
70093,41311,148,Current,7074.6,2025-09-04,Dormant
83003,49199,103,Current,18229.25,2025-09-04,Active
86955,6493,34,NRI,62403.54,2025-09-04,Active
94471,55218,37,Savings,115949.2,2025-09-04,Active
15369,1989,132,Savings,84464.47,2025-09-05,Active
19465,25312,39,Fixed Deposit,114175.75,2025-09-05,Dormant
22721,43397,4,Savings,33544,2025-09-05,Active
42301,30637,92,Salary,20197.08,2025-09-05,Active
52057,2980,51,Fixed Deposit,2392.67,2025-09-05,Active
61832,19256,119,Savings,96706.4,2025-09-05,Active
78552,1596,16,Salary,107947.27,2025-09-05,Active
78637,18655,21,Current,33423.88,2025-09-05,Active
81190,42002,121,Current,212975.52,2025-09-05,Active
88754,11015,95,Savings,47607.68,2025-09-05,Active
14902,26520,67,Current,36038.65,2025-09-06,Active
18535,58373,115,Savings,16929.97,2025-09-06,Active
34750,40008,117,Current,127112.94,2025-09-06,Active
40960,8472,116,Savings,61381.54,2025-09-06,Active
44883,55669,88,Current,35942.8,2025-09-06,Active
64533,457,63,Savings,47162.77,2025-09-06,Active
71158,21885,48,NRI,20335.91,2025-09-06,Dormant
72511,24439,81,Savings,105192.48,2025-09-06,Active
73736,8618,9,Savings,56627.23,2025-09-06,Active
175,6771,78,Salary,241057.1,2025-09-07,Closed
1470,11042,88,Current,29978.66,2025-09-07,Active
7338,36574,90,Current,87437.73,2025-09-07,Active
11997,30171,60,NRI,103739.85,2025-09-07,Active
18655,54129,43,Savings,6154.67,2025-09-07,Active
19399,47577,4,Savings,7000.12,2025-09-07,Active
19692,5882,83,Salary,14344.69,2025-09-07,Active
37025,33096,136,Savings,27602,2025-09-07,Active
43210,4346,149,Savings,39018.23,2025-09-07,Active
44454,44315,49,Savings,44148.3,2025-09-07,Active
47363,22796,90,Salary,1752.68,2025-09-07,Closed
50177,18930,6,Salary,141295.12,2025-09-07,Active
50315,2908,91,Savings,64897.9,2025-09-07,Active
52778,39707,51,Savings,89203.07,2025-09-07,Active
72666,30528,60,Current,13045.01,2025-09-07,Closed
73852,54095,137,Savings,38948.88,2025-09-07,Active
76325,25917,139,Savings,31916.28,2025-09-07,Active
81927,27063,143,Fixed Deposit,71994.39,2025-09-07,Active
2857,721,113,Fixed Deposit,15576.91,2025-09-08,Closed
6107,11343,23,Salary,124766.72,2025-09-08,Active
15668,11851,56,Fixed Deposit,88478.24,2025-09-08,Closed
19159,25542,32,Savings,19893.8,2025-09-08,Active
20416,39656,140,Current,143034.47,2025-09-08,Active
42309,31474,43,Salary,110100.84,2025-09-08,Active
43583,51342,55,Savings,60547.5,2025-09-08,Active
57907,53588,103,Salary,120712.4,2025-09-08,Active
63469,34695,55,Savings,6935.45,2025-09-08,Active
71583,44458,15,Fixed Deposit,18468.54,2025-09-08,Active
74321,20468,88,Salary,6179.93,2025-09-08,Active
85777,4151,24,Savings,6461.22,2025-09-08,Active
93726,42451,129,Current,18394.03,2025-09-08,Active
11166,12843,48,Fixed Deposit,5655.13,2025-09-09,Active
12179,54634,39,Savings,44813.21,2025-09-09,Active
14481,16223,38,Salary,23258.68,2025-09-09,Active
17882,52989,132,Savings,148176.65,2025-09-09,Active
23150,57259,86,Savings,14418.31,2025-09-09,Active
23351,14514,40,Current,7701.98,2025-09-09,Active
36373,51818,79,Savings,27153.95,2025-09-09,Active
39266,45748,108,Savings,3149.1,2025-09-09,Active
49815,35065,139,Salary,5373.39,2025-09-09,Active
77150,15827,128,Current,18371.95,2025-09-09,Active
91092,31546,97,Savings,12293.84,2025-09-09,Active
6479,36836,93,Savings,43310.04,2025-09-10,Active
6643,41968,129,Savings,52681.49,2025-09-10,Active
15727,40360,59,Salary,179414.64,2025-09-10,Active
16598,53434,29,Current,196786.09,2025-09-10,Active
24021,7775,128,Savings,87357.38,2025-09-10,Active
24356,12349,113,Savings,31685.55,2025-09-10,Active
24703,10619,146,Savings,34690.37,2025-09-10,Active
34366,3694,35,Savings,64581.76,2025-09-10,Active
36863,24830,145,NRI,69644.68,2025-09-10,Active
38780,56503,5,Fixed Deposit,76744.4,2025-09-10,Active
48594,7638,63,Savings,76776.18,2025-09-10,Active
50605,55174,128,Savings,52637.98,2025-09-10,Active
65945,12683,94,Savings,30455.69,2025-09-10,Active
66453,48208,146,NRI,66379.95,2025-09-10,Dormant
74211,13288,140,Savings,4760.58,2025-09-10,Active
74400,70,23,Fixed Deposit,10695.81,2025-09-10,Active
78168,56208,107,Salary,15617.69,2025-09-10,Active
80639,27966,6,Current,14122.14,2025-09-10,Dormant
5404,30200,9,Fixed Deposit,67478.86,2025-09-11,Active
12045,42525,37,Savings,20855.23,2025-09-11,Active
14394,53488,26,Current,67102.08,2025-09-11,Active
34739,9750,26,Salary,43332.55,2025-09-11,Active
35223,3709,130,Savings,5884.06,2025-09-11,Active
54666,24165,78,Salary,114752.92,2025-09-11,Active
59561,31013,132,Savings,25037.75,2025-09-11,Active
60969,47968,50,Savings,12847.14,2025-09-11,Active
65376,57090,89,NRI,19264.42,2025-09-11,Active
65665,47402,33,NRI,53314.27,2025-09-11,Dormant
68475,41530,142,Salary,22419.63,2025-09-11,Dormant
75019,21590,66,Savings,4479.38,2025-09-11,Dormant
83409,12771,26,NRI,5866.97,2025-09-11,Active
85747,12753,96,Current,28041.13,2025-09-11,Active
89328,54204,42,Savings,10637.29,2025-09-11,Active
90478,5666,94,Salary,16691.7,2025-09-11,Active
94140,4747,117,Savings,88547.29,2025-09-11,Active
3002,54929,138,Savings,69827.86,2025-09-12,Active
10432,35892,100,Savings,4939.82,2025-09-12,Active
12061,45514,7,Savings,24776.91,2025-09-12,Active
12761,31413,121,Salary,47062.32,2025-09-12,Active
40743,24432,131,Fixed Deposit,2267.19,2025-09-12,Active
44707,18957,44,Savings,86435.11,2025-09-12,Active
58243,17017,36,Current,5337.79,2025-09-12,Active
64185,22737,74,Current,18189.97,2025-09-12,Dormant
5123,8677,23,Salary,53665.43,2025-09-13,Active
19859,21511,107,Savings,33686.1,2025-09-13,Active
20976,11385,114,NRI,177242.48,2025-09-13,Active
22887,19216,14,NRI,11806.49,2025-09-13,Active
44342,14607,86,Savings,1802.52,2025-09-13,Active
47578,49457,150,Salary,29493.03,2025-09-13,Active
61550,25635,137,Savings,13844.3,2025-09-13,Active
70312,47979,58,Fixed Deposit,10062.81,2025-09-13,Active
76235,22045,124,Current,1676.11,2025-09-13,Active
80914,11111,90,Savings,72432.84,2025-09-13,Dormant
81701,45410,44,Savings,46725.85,2025-09-13,Active
86183,14128,145,Current,40346.45,2025-09-13,Active
556,1341,44,Current,20137.89,2025-09-14,Active
6926,8275,77,Fixed Deposit,46046.42,2025-09-14,Active
12492,14825,10,Savings,44494.87,2025-09-14,Active
19920,41125,137,Savings,210823.35,2025-09-14,Active
23713,38565,49,Savings,33500.77,2025-09-14,Dormant
34198,10626,39,Savings,89526.22,2025-09-14,Active
36450,341,41,Current,10642.01,2025-09-14,Active
44007,32942,136,Savings,67368.82,2025-09-14,Active
45971,36303,64,Savings,68452.29,2025-09-14,Active
56538,2140,115,Savings,43199.59,2025-09-14,Active
77182,42793,148,Savings,17613.95,2025-09-14,Active
85184,17411,33,Savings,9132.09,2025-09-14,Active
88375,33204,97,Savings,30159.68,2025-09-14,Active
88845,39979,114,Savings,45659.52,2025-09-14,Active
92622,49181,109,Savings,11589.16,2025-09-14,Active
4973,26628,101,Current,7371.01,2025-09-15,Active
19027,12162,56,Savings,114510.65,2025-09-15,Active
30709,54606,139,NRI,7256.54,2025-09-15,Active
32537,44607,5,Fixed Deposit,15787.68,2025-09-15,Active
34085,22754,125,Fixed Deposit,70995.08,2025-09-15,Active
37225,24873,40,Savings,6230.78,2025-09-15,Active
41732,179,15,Fixed Deposit,195482.19,2025-09-15,Active
53420,46286,105,Salary,17459.67,2025-09-15,Active
80034,46271,145,Savings,2920.46,2025-09-15,Active
91627,39811,142,Current,14724.81,2025-09-15,Active
43,20741,2,Savings,37368.63,2025-09-16,Active
10663,29720,54,Current,20510.38,2025-09-16,Active
67354,37660,120,Savings,47753.61,2025-09-16,Active
67572,43031,136,Savings,24209.29,2025-09-16,Active
91878,50696,70,Savings,47008.28,2025-09-16,Active
28332,37820,34,Current,58969.87,2025-09-17,Closed
59854,39142,130,Fixed Deposit,57034.15,2025-09-17,Active
65247,933,64,Salary,104033.76,2025-09-17,Active
67868,19621,120,Savings,55985.63,2025-09-17,Active
88499,33657,114,Current,11143.64,2025-09-17,Active
93350,35953,46,Savings,31367.8,2025-09-17,Active
977,31891,25,Current,15526.41,2025-09-18,Active
11514,42091,47,Savings,10142.46,2025-09-18,Active
19881,52817,128,Current,208605.51,2025-09-18,Active
27474,3215,142,Fixed Deposit,1670.15,2025-09-18,Active
38953,28446,57,Salary,35820.55,2025-09-18,Dormant
65500,29685,14,Savings,72089.99,2025-09-18,Active
68609,36637,6,Savings,52886,2025-09-18,Active
84518,45218,134,Salary,11051.3,2025-09-18,Active
89803,23388,3,Salary,8650.16,2025-09-18,Active
89897,10861,47,Fixed Deposit,46755.77,2025-09-18,Closed
89911,20071,67,NRI,62485.02,2025-09-18,Dormant
13001,50483,145,Current,24676.96,2025-09-19,Dormant
24294,44042,139,NRI,34358.32,2025-09-19,Active
31397,50307,49,Fixed Deposit,9112,2025-09-19,Active
33889,37169,77,Savings,31481.09,2025-09-19,Active
51776,13476,15,Savings,70536.29,2025-09-19,Active
52299,40398,40,Savings,9884.85,2025-09-19,Active
60321,25182,130,Savings,29203.94,2025-09-19,Active
64372,58154,135,Savings,17656.81,2025-09-19,Active
74635,27234,48,NRI,119212.87,2025-09-19,Dormant
76923,21837,148,Savings,97552.33,2025-09-19,Active
83932,18183,73,Salary,10264.92,2025-09-19,Active
94171,43169,54,Salary,36679.21,2025-09-19,Active
2533,43699,50,Salary,13336.87,2025-09-20,Active
8745,47047,111,Current,3089.79,2025-09-20,Active
10322,15867,100,Salary,37574.38,2025-09-20,Active
21772,36187,107,Fixed Deposit,1433.82,2025-09-20,Active
51824,3540,28,Savings,166021.18,2025-09-20,Active
58183,36011,4,NRI,83170.07,2025-09-20,Active
62768,34688,8,Salary,5275.96,2025-09-20,Dormant
68833,56619,19,Fixed Deposit,52905.72,2025-09-20,Closed
72051,26876,80,Current,35971.31,2025-09-20,Active
74418,39053,113,Current,56802.5,2025-09-20,Active
79222,7966,20,Salary,23014.05,2025-09-20,Active
19212,24945,47,Salary,12579.05,2025-09-21,Active
50707,24871,141,Savings,57324.02,2025-09-21,Dormant
59667,48745,49,Salary,84147.83,2025-09-21,Active
61933,50751,11,Savings,1802.69,2025-09-21,Active
63340,59735,23,Savings,54206.52,2025-09-21,Active
66641,15370,131,Current,95792.86,2025-09-21,Active
72161,400,41,Fixed Deposit,42496.78,2025-09-21,Active
80453,44209,96,Savings,80151.15,2025-09-21,Active
82170,46974,85,Savings,1897.57,2025-09-21,Active
90482,47314,148,Salary,4515.63,2025-09-21,Active
142,23198,106,Salary,5363.65,2025-09-22,Active
19426,1446,66,Salary,37458.17,2025-09-22,Closed
24203,14493,92,Current,2013.53,2025-09-22,Active
24590,21116,28,Savings,114025.93,2025-09-22,Active
32095,31695,22,Savings,114828.63,2025-09-22,Active
54822,23482,149,Current,37347.84,2025-09-22,Active
60746,13855,82,Savings,12390.19,2025-09-22,Active
65047,6592,103,Current,4427.79,2025-09-22,Active
73359,22370,115,Savings,19554.77,2025-09-22,Closed
86856,40452,40,Savings,96353.73,2025-09-22,Active
87490,6989,48,Savings,18125.99,2025-09-22,Active
4614,24570,87,Savings,2322.39,2025-09-23,Closed
33831,25330,27,Savings,2952.76,2025-09-23,Active
42821,50911,99,Savings,6181.66,2025-09-23,Active
48182,30615,14,Savings,29810.59,2025-09-23,Active
50181,23875,146,Savings,14667.04,2025-09-23,Active
61248,43534,51,Savings,19058.84,2025-09-23,Active
74101,58228,136,Savings,7739.63,2025-09-23,Active
87315,23273,146,Savings,47474.25,2025-09-23,Active
6589,15245,12,Savings,17960.66,2025-09-24,Active
9539,10850,18,Salary,28439.51,2025-09-24,Active
16409,5440,41,Current,45282.6,2025-09-24,Active
22873,14471,63,Current,62852.4,2025-09-24,Active
24011,29246,80,Savings,64641.46,2025-09-24,Active
37566,42240,33,Savings,27575.28,2025-09-24,Active
40730,12861,79,Savings,32037.68,2025-09-24,Active
41018,24617,48,Savings,14581.61,2025-09-24,Active
44408,23334,31,Savings,28775.92,2025-09-24,Active
44965,21582,65,Savings,124517.08,2025-09-24,Active
46970,30940,100,Savings,131483.22,2025-09-24,Active
58254,58876,22,Fixed Deposit,35748.08,2025-09-24,Active
75041,29645,34,Current,26909.05,2025-09-24,Active
76910,15572,15,Savings,11401.41,2025-09-24,Active
80497,46618,34,Current,9511.13,2025-09-24,Active
82993,31903,34,Savings,26624.39,2025-09-24,Active
89078,30133,121,Savings,5338.43,2025-09-24,Active
89781,50678,24,Savings,22795.56,2025-09-24,Active
1147,27853,48,Salary,45103.65,2025-09-25,Closed
3450,17425,137,Salary,23110.25,2025-09-25,Active
8542,27812,128,Savings,16266.27,2025-09-25,Active
18085,5492,115,Savings,37411.94,2025-09-25,Dormant
21025,10265,145,Salary,20433.83,2025-09-25,Active
21864,58143,146,Fixed Deposit,18909.29,2025-09-25,Dormant
47572,50582,57,Savings,11916.9,2025-09-25,Closed
47943,8106,74,Savings,53756.05,2025-09-25,Active
48643,20147,117,Salary,58234.94,2025-09-25,Active
53209,37018,65,Savings,33692.57,2025-09-25,Active
57173,19764,102,Savings,4895.21,2025-09-25,Active
62838,11513,85,Fixed Deposit,9478.41,2025-09-25,Active
64498,53644,120,Salary,105185.8,2025-09-25,Dormant
68559,38039,14,Salary,94162.05,2025-09-25,Active
73475,58152,121,Savings,42874.96,2025-09-25,Active
80515,38809,20,Savings,24400.76,2025-09-25,Active
84893,36843,4,Savings,5359.73,2025-09-25,Active
4639,33572,146,Fixed Deposit,81821.54,2025-09-26,Dormant
12778,30035,11,Current,15727.56,2025-09-26,Active
25145,44905,55,Salary,16510.29,2025-09-26,Active
33677,40092,24,Savings,172605.17,2025-09-26,Active
39023,6204,144,Savings,37528.89,2025-09-26,Active
45050,58683,119,Savings,78415.29,2025-09-26,Active
45490,32164,30,Savings,35382.45,2025-09-26,Active
55134,32463,35,Current,104515.74,2025-09-26,Active
55210,15149,117,Current,39795.9,2025-09-26,Active
59334,29532,45,NRI,14284.84,2025-09-26,Active
59691,35662,36,Salary,9755.27,2025-09-26,Active
64347,2446,116,Savings,117375.93,2025-09-26,Active
65373,31908,27,Salary,8309.11,2025-09-26,Active
72549,1890,96,Current,20318.38,2025-09-26,Active
74545,10803,60,Current,10331.23,2025-09-26,Active
75043,1246,36,Fixed Deposit,19631.77,2025-09-26,Active
76032,21642,92,Savings,11511.31,2025-09-26,Active
6156,34029,78,Salary,114731.05,2025-09-27,Active
6339,1465,47,Current,2775.79,2025-09-27,Active
14324,30936,118,Current,97564.25,2025-09-27,Active
36529,19298,51,Fixed Deposit,15733.11,2025-09-27,Active
47830,20224,130,Savings,62416.76,2025-09-27,Active
51365,17193,43,Savings,22096.33,2025-09-27,Active
51811,8160,36,Savings,15477.43,2025-09-27,Active
54767,22909,133,Salary,32621.22,2025-09-27,Active
66490,58612,96,Savings,18180.07,2025-09-27,Active
88465,46301,60,Savings,30929.56,2025-09-27,Dormant
89372,39019,10,Savings,33621.96,2025-09-27,Active
12698,53276,109,Savings,80780.59,2025-09-28,Active
23248,55687,74,Current,200087.53,2025-09-28,Active
27154,31746,92,Fixed Deposit,2031.64,2025-09-28,Active
34869,57836,150,Current,35813.23,2025-09-28,Dormant
34947,4147,109,NRI,13709.58,2025-09-28,Active
41889,26732,150,Current,53639.76,2025-09-28,Active
41983,25700,59,Current,8483.51,2025-09-28,Active
46327,24384,71,Savings,6420.42,2025-09-28,Dormant
47397,58582,41,NRI,9377.25,2025-09-28,Active
47763,29756,84,Fixed Deposit,29030.44,2025-09-28,Active
53987,15743,17,Savings,34667.44,2025-09-28,Active
54527,11376,31,Fixed Deposit,7514.95,2025-09-28,Active
13179,1417,148,Fixed Deposit,90805.92,2025-09-29,Dormant
25615,44129,141,Savings,7066.18,2025-09-29,Active
36384,27239,70,Savings,14176.34,2025-09-29,Active
54530,19570,142,Savings,39838.39,2025-09-29,Dormant
12365,33088,78,Savings,56259.09,2025-09-30,Active
24733,30540,65,NRI,2736.28,2025-09-30,Active
24955,57318,98,Savings,13374.92,2025-09-30,Active
27627,39120,100,Savings,21891.94,2025-09-30,Active
29569,42568,78,Current,6371.81,2025-09-30,Active
40421,15494,132,NRI,15299.07,2025-09-30,Active
45495,52783,60,Current,22923.85,2025-09-30,Active
52285,9204,55,Salary,20930.74,2025-09-30,Active
56612,48651,71,Savings,86462.62,2025-09-30,Dormant
62923,25016,83,Savings,25065.23,2025-09-30,Active
64583,32272,29,Salary,16784.49,2025-09-30,Active
67088,54284,134,Fixed Deposit,21411.87,2025-09-30,Dormant
74377,46796,8,Savings,8951.19,2025-09-30,Dormant
74562,39233,38,Savings,36383.75,2025-09-30,Active
77728,4701,25,Salary,65872.52,2025-09-30,Active
87408,693,57,Salary,3403.93,2025-09-30,Active
93050,20667,14,Current,72806.18,2025-09-30,Active
322,19082,134,Salary,80935.03,2025-10-01,Active
24104,20857,141,Current,43671.41,2025-10-01,Active
26429,19142,63,Fixed Deposit,12985.25,2025-10-01,Active
31770,42751,69,Savings,47125.93,2025-10-01,Active
55632,59077,88,Savings,1343.34,2025-10-01,Active
58361,54087,121,NRI,22424.11,2025-10-01,Active
62653,11753,102,Current,86026.99,2025-10-01,Active
72519,97,101,Savings,91597,2025-10-01,Active
89596,36534,85,Fixed Deposit,105566.47,2025-10-01,Active
4384,38332,95,Salary,25018.69,2025-10-02,Active
18107,57740,142,Current,6973.37,2025-10-02,Active
26583,32718,62,Savings,57675.7,2025-10-02,Active
26606,22035,49,Savings,83842.73,2025-10-02,Active
35422,58034,65,Savings,22605.68,2025-10-02,Active
38890,32716,146,Current,64792.76,2025-10-02,Active
65634,20405,131,Savings,91405.62,2025-10-02,Active
84685,12368,30,Savings,36788.91,2025-10-02,Active
3361,5850,93,Savings,16091.02,2025-10-03,Dormant
5971,41964,133,Fixed Deposit,87647.93,2025-10-03,Active
23778,59958,34,Savings,104653.91,2025-10-03,Active
24714,39437,103,Savings,37914.09,2025-10-03,Active
65022,24750,71,Savings,78828.37,2025-10-03,Active
85270,41617,36,Savings,51090.96,2025-10-03,Closed
85950,47836,17,Savings,88485.54,2025-10-03,Active
13542,40174,140,Savings,87969.09,2025-10-04,Active
15402,17434,50,Savings,45205.12,2025-10-04,Active
16797,39121,47,Savings,28483.22,2025-10-04,Active
21023,45832,61,Current,70115.82,2025-10-04,Active
27374,21243,104,Savings,58085.26,2025-10-04,Active
30496,35865,71,Savings,44543.85,2025-10-04,Active
49208,44789,107,Salary,86451.55,2025-10-04,Active
60040,32685,26,Current,108386.92,2025-10-04,Active
69035,26608,133,Current,32626.37,2025-10-04,Active
87211,9048,110,Current,21068.43,2025-10-04,Active
17571,3651,64,Savings,81473.95,2025-10-05,Active
27675,19914,53,Savings,35071.45,2025-10-05,Dormant
28285,39889,90,Salary,34605,2025-10-05,Active
36411,14278,89,Fixed Deposit,2825.43,2025-10-05,Active
50778,54175,42,Fixed Deposit,22810.74,2025-10-05,Active
60149,19936,83,Savings,182196.46,2025-10-05,Active
78002,29617,114,Current,74548,2025-10-05,Active
14457,59834,141,Current,49605.13,2025-10-06,Active
23057,12090,55,Savings,84777.35,2025-10-06,Active
33821,7175,144,Savings,164409.42,2025-10-06,Active
39595,25987,67,Savings,43881.9,2025-10-06,Active
41480,53882,122,Fixed Deposit,68732.96,2025-10-06,Active
42903,21560,97,Savings,51760.7,2025-10-06,Active
46063,40760,29,Savings,33226.08,2025-10-06,Closed
46143,17108,87,Salary,10814.8,2025-10-06,Active
67208,6923,112,Savings,38344.29,2025-10-06,Active
72403,48779,120,Salary,30007.32,2025-10-06,Active
80633,54475,5,Savings,21420.3,2025-10-06,Active
87412,45931,11,Current,55667.04,2025-10-06,Active
12611,44742,35,Savings,36799.56,2025-10-07,Active
17405,47582,24,Salary,109996.68,2025-10-07,Dormant
42551,30847,28,Savings,59946.32,2025-10-07,Active
50047,3871,6,Savings,39223.15,2025-10-07,Active
54529,40678,69,Savings,5708.62,2025-10-07,Active
55495,58289,69,Savings,1480.74,2025-10-07,Active
60131,52769,37,Savings,12682.08,2025-10-07,Active
64245,54180,42,Current,79545.34,2025-10-07,Active
65516,58057,132,Savings,36167.79,2025-10-07,Active
66383,10320,5,Savings,33049.31,2025-10-07,Active
72184,3970,92,Savings,36136.97,2025-10-07,Active
76331,58245,9,Current,30400.98,2025-10-07,Active
79451,55440,116,Savings,29867.55,2025-10-07,Dormant
79947,23981,115,Salary,27961.9,2025-10-07,Active
89323,41547,116,Savings,115138.42,2025-10-07,Active
90934,48030,54,Savings,7699.38,2025-10-07,Active
1040,36032,118,Current,3320.5,2025-10-08,Active
8414,28856,72,Salary,5600.29,2025-10-08,Active
10353,55407,15,Fixed Deposit,14789.74,2025-10-08,Active
24879,22322,92,Savings,98131.17,2025-10-08,Active
34839,6792,58,Current,67576.37,2025-10-08,Active
37879,59559,59,Savings,43293.52,2025-10-08,Active
49472,15857,138,Savings,4252.14,2025-10-08,Active
54810,50132,48,Fixed Deposit,17593.12,2025-10-08,Active
66181,54884,103,Salary,66288.9,2025-10-08,Active
73882,55938,74,Savings,14716.18,2025-10-08,Active
75023,25008,119,Salary,136884.09,2025-10-08,Active
92646,32768,65,Current,11073.57,2025-10-08,Closed
7578,15079,21,Current,49997.18,2025-10-09,Active
12068,33762,79,Current,22096.87,2025-10-09,Active
17724,7785,38,Fixed Deposit,61962.61,2025-10-09,Closed
18924,51025,115,Salary,36548.73,2025-10-09,Active
28645,6049,130,Fixed Deposit,40435.77,2025-10-09,Active
40657,38912,37,Fixed Deposit,4795.76,2025-10-09,Active
58844,21583,149,Savings,15478.13,2025-10-09,Active
60666,9034,97,Current,43575.28,2025-10-09,Dormant
62001,46750,136,Savings,16123.19,2025-10-09,Active
77519,44239,93,Savings,35723.32,2025-10-09,Active
81853,59763,117,Fixed Deposit,257989.35,2025-10-09,Active
8752,11208,49,Savings,36271.48,2025-10-10,Active
12600,24169,46,Savings,41862.93,2025-10-10,Active
14976,10558,46,Fixed Deposit,34316.62,2025-10-10,Active
20790,4103,53,Current,21850.69,2025-10-10,Active
22264,28183,83,Current,29990.15,2025-10-10,Dormant
27122,49683,96,Current,8389.2,2025-10-10,Active
44442,51115,123,Current,55302.45,2025-10-10,Closed
47790,34084,138,Savings,24770.34,2025-10-10,Active
50809,22637,17,Fixed Deposit,25728.31,2025-10-10,Dormant
61036,6730,23,Current,77626.79,2025-10-10,Active
73099,26886,24,Savings,59543.14,2025-10-10,Active
74526,14128,111,Fixed Deposit,12838.45,2025-10-10,Active
79828,608,143,Current,41040.72,2025-10-10,Active
83833,4222,38,Fixed Deposit,17501.81,2025-10-10,Active
84778,41132,57,Current,59929.74,2025-10-10,Active
17530,29621,85,NRI,8781.18,2025-10-11,Dormant
22653,19480,74,Current,63543.63,2025-10-11,Active
34569,35276,41,Savings,63482.39,2025-10-11,Active
36983,49542,107,Fixed Deposit,13541.16,2025-10-11,Active
51223,18821,139,Savings,31930.1,2025-10-11,Active
62026,22969,102,NRI,33284.9,2025-10-11,Closed
71061,19493,64,Savings,18971.37,2025-10-11,Active
91457,9569,133,NRI,68537.41,2025-10-11,Active
93478,41901,9,Savings,92522.96,2025-10-11,Active
5190,12833,41,Savings,129602.5,2025-10-12,Active
5368,49877,92,Savings,8169.11,2025-10-12,Closed
17089,35174,103,Fixed Deposit,5458.19,2025-10-12,Active
17185,57198,111,Current,39451.4,2025-10-12,Active
18494,42944,21,Salary,17328.8,2025-10-12,Active
22555,4892,42,Savings,20720.05,2025-10-12,Active
29771,6905,62,Savings,15129.73,2025-10-12,Active
38142,23567,130,Current,3850.46,2025-10-12,Active
48610,10088,86,Savings,25218.11,2025-10-12,Active
43689,29991,48,Savings,10636.16,2025-10-13,Active
52296,42675,108,Savings,106004.74,2025-10-13,Active
61368,35495,101,Fixed Deposit,69279.86,2025-10-13,Active
63315,13055,67,Savings,15303.88,2025-10-13,Closed
65385,21371,149,Savings,17278.41,2025-10-13,Active
72260,27337,149,NRI,48445.06,2025-10-13,Dormant
75366,22927,49,Savings,46790.57,2025-10-13,Active
80075,16413,119,Savings,21999.87,2025-10-13,Active
82149,49694,138,NRI,8026.22,2025-10-13,Active
85001,25141,28,NRI,52376.79,2025-10-13,Active
25991,43170,69,Current,39064.56,2025-10-14,Active
29990,15474,75,Savings,6438.88,2025-10-14,Active
35695,1780,58,Salary,30282.14,2025-10-14,Active
40498,45414,101,Current,27851.98,2025-10-14,Dormant
44970,24099,82,Savings,16271.79,2025-10-14,Active
59086,34527,55,Fixed Deposit,70158.59,2025-10-14,Active
60537,7414,15,Savings,60397.42,2025-10-14,Active
84030,46590,52,Savings,97379.23,2025-10-14,Active
90484,20982,101,Current,116392.35,2025-10-14,Active
93680,50975,91,Savings,9883.39,2025-10-14,Active
27065,58150,102,Current,40657.64,2025-10-15,Active
34768,59180,134,Savings,9908.91,2025-10-15,Active
43906,4081,131,Savings,31265.05,2025-10-15,Dormant
49224,7525,76,Savings,10257.71,2025-10-15,Active
57796,54631,10,Fixed Deposit,68058.95,2025-10-15,Active
60152,47118,7,Salary,3954.16,2025-10-15,Active
71798,59304,124,Savings,25007.53,2025-10-15,Active
77229,236,31,Salary,43370.01,2025-10-15,Active
84335,51180,76,Savings,4461.21,2025-10-15,Dormant
87588,55497,26,Fixed Deposit,22623.99,2025-10-15,Active
1179,29232,149,Savings,76461.58,2025-10-16,Closed
9761,30825,24,Fixed Deposit,6278.67,2025-10-16,Active
21495,12501,141,Savings,111270.37,2025-10-16,Active
37658,45086,68,Salary,34894.91,2025-10-16,Closed
40796,47087,82,Savings,13919.77,2025-10-16,Closed
53774,21060,77,Savings,39376.3,2025-10-16,Active
57600,7168,78,Savings,67537.03,2025-10-16,Active
69767,50274,74,Savings,3669.76,2025-10-16,Active
70288,53404,18,Savings,8314.61,2025-10-16,Active
75228,58016,49,Salary,43476.4,2025-10-16,Active
76701,15406,146,Savings,51949.73,2025-10-16,Active
80468,44640,76,Savings,148270.2,2025-10-16,Active
82481,7817,70,Savings,16040.09,2025-10-16,Active
86026,55712,65,Fixed Deposit,42769.61,2025-10-16,Active
94468,40230,109,Savings,2245.27,2025-10-16,Active
4014,26783,148,Current,21710.14,2025-10-17,Active
13726,52319,46,Salary,1394.47,2025-10-17,Active
16736,16227,112,Current,143488.63,2025-10-17,Active
39071,28797,66,Salary,16926.38,2025-10-17,Active
43003,28523,64,Savings,64679.26,2025-10-17,Active
48057,6330,49,Savings,3425.85,2025-10-17,Active
53619,53904,31,Current,2971.37,2025-10-17,Active
54541,39861,80,Savings,56928.65,2025-10-17,Active
58577,3977,91,Current,19802.62,2025-10-17,Active
63422,54770,7,Current,23706.23,2025-10-17,Active
68972,44863,133,Savings,7324.26,2025-10-17,Active
69463,47625,13,Savings,57304.98,2025-10-17,Closed
72973,23879,27,Savings,167589.87,2025-10-17,Active
88430,17319,26,Fixed Deposit,21478.22,2025-10-17,Active
91516,34393,70,Current,10514.95,2025-10-17,Active
12100,48526,122,Savings,124572.9,2025-10-18,Active
13290,35001,19,Current,5608.79,2025-10-18,Active
15325,33357,25,Savings,144488.18,2025-10-18,Active
19618,8371,110,Current,6691.99,2025-10-18,Active
32661,3911,79,Savings,11861.59,2025-10-18,Active
37983,41041,42,Fixed Deposit,147701.49,2025-10-18,Active
44509,31745,15,Salary,18256.38,2025-10-18,Active
47145,37523,12,Savings,46162.07,2025-10-18,Active
50661,43513,84,Savings,7827.76,2025-10-18,Active
56409,57240,132,Salary,49185.91,2025-10-18,Active
77824,30591,124,Current,12116.16,2025-10-18,Active
78315,28073,32,Current,50593.95,2025-10-18,Closed
80146,46671,26,Savings,7132.43,2025-10-18,Active
81793,59202,97,Fixed Deposit,22271.79,2025-10-18,Active
85237,25193,104,Fixed Deposit,12994.91,2025-10-18,Dormant
94026,58012,57,Savings,266373.42,2025-10-18,Active
6169,23611,10,Savings,45865.3,2025-10-19,Active
14161,57225,91,NRI,43392.91,2025-10-19,Active
14939,6828,65,Savings,72927.47,2025-10-19,Active
26360,29543,148,Savings,72992.97,2025-10-19,Active
29006,22076,125,Fixed Deposit,42912.14,2025-10-19,Active
31415,26098,113,Salary,34713.85,2025-10-19,Active
41745,39110,48,Savings,27771.62,2025-10-19,Active
57886,23859,7,Savings,90854.15,2025-10-19,Active
59259,34095,107,Fixed Deposit,13771.12,2025-10-19,Active
62493,7208,40,Savings,4149.71,2025-10-19,Active
68472,33092,41,Savings,2538.08,2025-10-19,Active
86919,13550,141,Savings,74985.36,2025-10-19,Active
2733,34334,77,Salary,5276.9,2025-10-20,Active
5575,20278,65,Salary,77374.28,2025-10-20,Active
7376,13291,4,Savings,88223.42,2025-10-20,Active
13840,58650,98,Savings,43814.87,2025-10-20,Active
15970,26366,66,Savings,105886.54,2025-10-20,Closed
26478,21575,54,Fixed Deposit,6745.71,2025-10-20,Active
51142,50394,52,Current,23152.21,2025-10-20,Active
57986,34941,147,Current,22210.59,2025-10-20,Active
74411,28267,96,Savings,87502.76,2025-10-20,Active
74491,52803,145,Savings,27137.33,2025-10-20,Active
81847,19788,128,Salary,24665.52,2025-10-20,Closed
86313,16577,103,Savings,17080.73,2025-10-20,Active
87893,19893,85,Savings,72822.33,2025-10-20,Active
92725,37643,106,Salary,25550,2025-10-20,Dormant
1497,43684,89,Current,57832.6,2025-10-21,Dormant
3208,35984,109,Savings,26469.2,2025-10-21,Active
21797,442,150,Savings,139599.32,2025-10-21,Active
32979,56623,148,Fixed Deposit,123848.96,2025-10-21,Active
38199,17039,123,Savings,33684.84,2025-10-21,Active
42471,40354,30,Fixed Deposit,34865.91,2025-10-21,Dormant
49003,1662,26,Fixed Deposit,90520.68,2025-10-21,Active
68832,41685,43,Fixed Deposit,2329.89,2025-10-21,Active
73234,59466,51,Current,14911.96,2025-10-21,Active
80378,24953,30,Savings,60661.56,2025-10-21,Active
91671,27134,113,Savings,45084.52,2025-10-21,Active
722,53887,32,Current,35537.43,2025-10-22,Active
7414,25714,111,Current,10557.9,2025-10-22,Dormant
8946,1579,37,Savings,11388.71,2025-10-22,Active
16269,35772,85,Current,49382.43,2025-10-22,Active
18718,22343,124,Salary,4852.8,2025-10-22,Active
19050,42428,129,Current,46714.73,2025-10-22,Active
19958,50608,36,Salary,197783.83,2025-10-22,Active
25752,54721,16,Current,67750.31,2025-10-22,Active
26022,35130,87,Salary,74699.64,2025-10-22,Active
30900,29758,16,Savings,8290.57,2025-10-22,Active
31115,29569,143,NRI,37531.09,2025-10-22,Closed
34302,7092,47,Savings,37431.91,2025-10-22,Active
35776,44431,122,Current,26820.12,2025-10-22,Active
37571,11978,123,Savings,29555.73,2025-10-22,Active
53332,14133,28,Current,135234.31,2025-10-22,Active
66979,18865,100,Savings,81404.54,2025-10-22,Active
72738,2508,126,Savings,211598.35,2025-10-22,Dormant
85611,51094,81,Fixed Deposit,6108.42,2025-10-22,Active
2977,24027,106,Current,7312.5,2025-10-23,Active
35454,38336,105,Savings,121879.55,2025-10-23,Active
52516,12346,98,Savings,74481.9,2025-10-23,Active
53022,25786,80,Savings,41087.86,2025-10-23,Active
54605,33034,10,Savings,8467.33,2025-10-23,Active
58426,8659,131,Savings,39061.27,2025-10-23,Active
67751,58503,14,Savings,85651.85,2025-10-23,Closed
71265,29766,31,Savings,45084.53,2025-10-23,Dormant
82811,23083,77,Savings,11430.33,2025-10-23,Active
13283,45314,67,Savings,146204.38,2025-10-24,Active
35111,32827,95,NRI,90899.17,2025-10-24,Active
44018,29507,37,NRI,14018.55,2025-10-24,Active
55048,3459,48,Current,59269.87,2025-10-24,Active
63477,26022,43,Savings,93698.82,2025-10-24,Active
75849,45555,44,Savings,116594.24,2025-10-24,Active
82706,4872,13,Savings,56541.06,2025-10-24,Active
89986,25557,139,Savings,3196.94,2025-10-24,Active
94879,16883,148,Current,99799.53,2025-10-24,Active
955,34759,139,Current,60254.17,2025-10-25,Active
3031,37579,103,Savings,45129.44,2025-10-25,Active
19758,3631,84,Salary,203307.52,2025-10-25,Active
25514,12634,138,Savings,6570.32,2025-10-25,Active
25561,54202,14,Current,14196.69,2025-10-25,Active
28527,4117,42,Savings,14210.13,2025-10-25,Dormant
45102,33371,120,Current,102187.04,2025-10-25,Active
46779,21007,148,Current,59998.7,2025-10-25,Active
49285,46856,103,Current,5565.77,2025-10-25,Active
58576,10316,113,Fixed Deposit,89064.04,2025-10-25,Active
65819,39688,133,Salary,88442.79,2025-10-25,Dormant
75635,6809,60,Salary,6458.58,2025-10-25,Active
83383,11105,89,Savings,37874.87,2025-10-25,Active
87097,28629,51,Current,26466.33,2025-10-25,Active
87229,53900,82,Savings,12066.13,2025-10-25,Active
3920,38297,65,Salary,11823.27,2025-10-26,Active
12106,14572,99,Salary,31103.05,2025-10-26,Active
17323,31347,80,Current,9839.24,2025-10-26,Active
18832,8643,16,Current,75385.95,2025-10-26,Active
18954,19699,113,NRI,11628.41,2025-10-26,Active
20697,27206,98,Savings,21006.67,2025-10-26,Active
37823,47248,14,Savings,26003.99,2025-10-26,Active
46975,2355,117,Savings,86630.06,2025-10-26,Active
48040,23155,82,Salary,78910.51,2025-10-26,Active
51495,8369,97,Current,21563.76,2025-10-26,Active
52371,15466,62,Savings,72123.17,2025-10-26,Active
53488,58944,90,Fixed Deposit,10098.35,2025-10-26,Active
62397,4160,28,Salary,19907.27,2025-10-26,Dormant
66267,13678,59,Salary,15990.02,2025-10-26,Active
78400,37811,85,Savings,16331.95,2025-10-26,Active
86627,36063,12,Current,82493.43,2025-10-26,Active
93575,559,25,Current,16654.55,2025-10-26,Active
619,27943,80,Savings,77764.37,2025-10-27,Active
2013,39348,60,Savings,49214.4,2025-10-27,Active
16398,7064,55,Current,34870.3,2025-10-27,Active
33908,35577,82,Savings,11484.88,2025-10-27,Active
42020,21740,71,Salary,41520.3,2025-10-27,Active
47124,15424,51,NRI,19751.44,2025-10-27,Active
53460,41662,104,Savings,59576.22,2025-10-27,Active
57634,6567,75,Current,2848.29,2025-10-27,Active
59318,51834,105,Current,91413.11,2025-10-27,Active
64546,20340,115,Current,87489.15,2025-10-27,Active
70688,44554,54,Savings,71011.02,2025-10-27,Active
81268,38779,20,Current,43567.93,2025-10-27,Active
81462,54045,141,Savings,64900.15,2025-10-27,Active
81736,9163,26,Salary,45560.38,2025-10-27,Active
83012,45796,82,Salary,86452.3,2025-10-27,Active
86109,2823,38,Savings,11646.73,2025-10-27,Active
6896,58891,32,Savings,13624.24,2025-10-28,Active
13528,56757,64,Savings,38380.94,2025-10-28,Active
31697,1164,150,Salary,48308.2,2025-10-28,Active
33521,12110,2,Savings,18164.26,2025-10-28,Active
42498,1958,12,Savings,28001.65,2025-10-28,Active
70978,33753,145,Fixed Deposit,41142.25,2025-10-28,Active
75566,17294,12,Savings,75825.77,2025-10-28,Active
80048,25728,31,Savings,208166.43,2025-10-28,Closed
83022,16017,132,Savings,36974.83,2025-10-28,Dormant
84066,21726,95,Savings,15541.28,2025-10-28,Active
94220,55627,14,NRI,106280.58,2025-10-28,Active
568,8476,126,Current,124456.38,2025-10-29,Dormant
12842,42010,93,Savings,63156.64,2025-10-29,Active
28781,3523,40,Fixed Deposit,2211.7,2025-10-29,Dormant
30947,57223,32,Salary,3512.89,2025-10-29,Closed
32382,55548,88,Salary,30653.37,2025-10-29,Active
35091,51330,112,Salary,41887.87,2025-10-29,Dormant
43285,15503,9,Fixed Deposit,7754.55,2025-10-29,Active
50166,52336,87,Current,48347.1,2025-10-29,Active
65188,59427,112,NRI,33825.37,2025-10-29,Active
79062,42883,32,Current,266766.25,2025-10-29,Active
91575,42457,129,Savings,4768.99,2025-10-29,Active
944,20809,148,Fixed Deposit,242357.87,2025-10-30,Active
7991,17638,93,Salary,36427.43,2025-10-30,Active
21022,12219,46,Current,11454.61,2025-10-30,Active
33344,13255,103,Savings,152960.18,2025-10-30,Active
45561,57652,60,Savings,124801.36,2025-10-30,Dormant
46904,18875,8,Savings,5706.16,2025-10-30,Active
54204,682,62,Savings,1322.45,2025-10-30,Active
54965,4998,134,Savings,72169.36,2025-10-30,Active
58170,7511,145,Current,28797.87,2025-10-30,Active
60420,47479,150,Savings,43781.8,2025-10-30,Active
78196,30076,57,Savings,17288.18,2025-10-30,Active
80134,31505,30,Salary,45730.69,2025-10-30,Active
81303,343,55,Savings,2959.23,2025-10-30,Active
4690,12642,105,Savings,25239.88,2025-10-31,Active
14019,34622,126,Current,36127.69,2025-10-31,Active
21414,947,130,Savings,26432.14,2025-10-31,Active
28895,58888,33,Savings,11606.6,2025-10-31,Active
34425,22254,108,Savings,34381.07,2025-10-31,Active
49093,24464,119,Current,36262.11,2025-10-31,Active
52797,10727,17,Savings,110129.71,2025-10-31,Active
56282,1724,46,Salary,17366.44,2025-10-31,Active
62961,25128,148,Savings,19576.54,2025-10-31,Active
75489,36974,77,Savings,9180.61,2025-10-31,Active
75961,51286,51,Fixed Deposit,40175.36,2025-10-31,Active
91269,13482,6,NRI,19656.47,2025-10-31,Active
94647,24349,124,Savings,40839.75,2025-10-31,Active
5661,56604,139,Current,19921.7,2025-11-01,Active
6816,4572,25,Savings,4322.21,2025-11-01,Active
7096,58324,110,Fixed Deposit,35581.41,2025-11-01,Active
28405,9198,16,Savings,17194.31,2025-11-01,Active
38485,39499,31,Savings,38949.95,2025-11-01,Closed
46743,9489,53,Savings,5129.2,2025-11-01,Active
48200,39818,56,Current,47089.85,2025-11-01,Dormant
52081,26394,148,Savings,41785.1,2025-11-01,Active
52128,3515,70,Savings,15383.03,2025-11-01,Active
66263,13937,15,Current,5112.32,2025-11-01,Active
66616,35321,75,Current,3578.19,2025-11-01,Active
68105,55451,22,Savings,2568.28,2025-11-01,Active
69247,30305,2,Savings,41416.68,2025-11-01,Dormant
73343,53427,115,Current,36684.59,2025-11-01,Active
75225,21531,63,Salary,1509.59,2025-11-01,Active
87081,8233,95,Savings,32791.56,2025-11-01,Active
9840,32214,36,Savings,43340.16,2025-11-02,Active
10131,43058,64,NRI,170246.42,2025-11-02,Active
14441,43640,147,Current,25948.68,2025-11-02,Dormant
14736,59834,139,Salary,78477.58,2025-11-02,Active
17743,23327,124,Fixed Deposit,23198,2025-11-02,Closed
27623,31733,15,Savings,1576.89,2025-11-02,Active
32944,35159,19,Savings,86395.58,2025-11-02,Active
35144,57742,65,NRI,144071.65,2025-11-02,Active
49785,13958,124,Savings,17808.37,2025-11-02,Active
53131,39746,64,Savings,77473.67,2025-11-02,Active
56196,27523,103,Savings,8408.52,2025-11-02,Active
60901,23026,47,Current,11932.91,2025-11-02,Active
91778,11745,32,Fixed Deposit,72508.52,2025-11-02,Dormant
13388,16220,147,Savings,22988.67,2025-11-03,Active
26430,18123,56,Salary,30787.44,2025-11-03,Active
38826,38950,104,Fixed Deposit,6668.13,2025-11-03,Active
41135,21433,102,Savings,64285.93,2025-11-03,Active
48696,43474,111,Savings,174682.55,2025-11-03,Active
58908,17261,128,Fixed Deposit,2563.86,2025-11-03,Active
75759,52502,30,Salary,27363.92,2025-11-03,Active
77801,40147,92,NRI,59275.51,2025-11-03,Active
80350,47769,107,Savings,72899.89,2025-11-03,Active
87536,15751,42,Salary,26338.62,2025-11-03,Active
14021,17219,122,Savings,102803.98,2025-11-04,Closed
17614,23529,138,Current,16069.97,2025-11-04,Active
24605,27638,124,Savings,61922.03,2025-11-04,Active
26407,18785,64,Current,63089.24,2025-11-04,Active
33286,58863,48,Savings,131101.6,2025-11-04,Active
34818,10331,86,Savings,64194.89,2025-11-04,Dormant
45110,19148,70,Salary,72309.94,2025-11-04,Active
51642,26513,50,Savings,23207.54,2025-11-04,Active
52602,8638,6,Savings,17325.75,2025-11-04,Active
59576,9498,36,Savings,63571.18,2025-11-04,Active
61625,40370,98,Current,36769.28,2025-11-04,Active
74885,10888,63,Fixed Deposit,30250,2025-11-04,Active
84515,3993,15,Salary,29399.17,2025-11-04,Active
86329,8388,123,Salary,213098.08,2025-11-04,Active
16292,56585,147,Fixed Deposit,1015.42,2025-11-05,Closed
19196,43960,128,Savings,44457.66,2025-11-05,Dormant
27467,49174,85,Salary,4325.32,2025-11-05,Dormant
30868,44766,12,Savings,10253.22,2025-11-05,Active
46581,54464,83,Savings,24668.52,2025-11-05,Dormant
55727,34876,109,Current,72296.52,2025-11-05,Dormant
71829,21383,60,Savings,1307.91,2025-11-05,Active
77937,25632,113,Savings,40288.3,2025-11-05,Dormant
7099,5772,31,Savings,36205.35,2025-11-06,Dormant
21576,9522,134,Current,98597.44,2025-11-06,Closed
23615,15396,136,Current,25892.61,2025-11-06,Active
25005,15826,88,Savings,34269.96,2025-11-06,Active
39121,33523,141,Savings,4345.04,2025-11-06,Dormant
43886,38233,53,Savings,4772.79,2025-11-06,Active
44838,3565,2,Current,46908.13,2025-11-06,Dormant
57369,2494,45,Savings,23470.07,2025-11-06,Active
64135,34740,95,Savings,8166.24,2025-11-06,Active
67134,37391,121,Savings,91628.71,2025-11-06,Active
76406,56544,20,Savings,46678.72,2025-11-06,Dormant
77371,51872,70,Fixed Deposit,33825.86,2025-11-06,Active
78208,28419,67,Savings,5238.03,2025-11-06,Active
89646,48919,100,Savings,13769,2025-11-06,Active
1719,10233,38,Salary,63876.11,2025-11-07,Active
3992,2461,112,Current,125352.75,2025-11-07,Dormant
14141,54693,29,Current,28185.95,2025-11-07,Active
14726,41334,33,Fixed Deposit,54376.38,2025-11-07,Active
34638,2489,148,Current,58046.39,2025-11-07,Active
38361,37578,131,Current,24034.05,2025-11-07,Dormant
41339,25112,113,Current,59344.04,2025-11-07,Active
58167,15941,43,Salary,58619.7,2025-11-07,Dormant
15289,32754,42,Savings,12937.65,2025-11-08,Active
35628,48044,1,Current,64246.8,2025-11-08,Active
41206,24586,18,Savings,118458.68,2025-11-08,Active
44805,19293,40,Savings,56383.76,2025-11-08,Active
49411,36040,42,Savings,154856.07,2025-11-08,Active
50479,1462,86,Savings,19922.05,2025-11-08,Active
58575,58438,28,Savings,40340.68,2025-11-08,Active
60114,12043,147,Current,28470.76,2025-11-08,Active
65445,55859,126,Salary,7104.66,2025-11-08,Active
72228,47708,59,Savings,62596.05,2025-11-08,Active
10008,10170,92,Savings,84405.9,2025-11-09,Active
11414,27595,27,Savings,67455.11,2025-11-09,Dormant
14434,47866,110,Current,14522.67,2025-11-09,Active
16927,43094,79,Savings,3210.93,2025-11-09,Active
18778,43036,46,Current,25208.19,2025-11-09,Active
30520,46596,60,Savings,10777.82,2025-11-09,Active
51725,36889,76,Current,30736.59,2025-11-09,Closed
83049,35606,135,Savings,127490.78,2025-11-09,Active
88099,15134,95,Savings,21211.14,2025-11-09,Dormant
90335,53589,29,Savings,66261.2,2025-11-09,Closed
549,29292,95,Fixed Deposit,18658.43,2025-11-10,Active
6273,39064,130,Savings,22322.02,2025-11-10,Active
9138,57695,111,Savings,108747.36,2025-11-10,Closed
27670,21275,79,Current,90991.23,2025-11-10,Active
41251,35675,51,Savings,3121.23,2025-11-10,Active
49597,28,109,Savings,39608.95,2025-11-10,Active
58920,41046,46,Savings,93539.41,2025-11-10,Active
90712,43647,45,Savings,93549.88,2025-11-10,Active
11954,49343,104,Savings,12568.85,2025-11-11,Active
13983,15160,90,Savings,20788.87,2025-11-11,Active
20059,58175,74,Savings,84323.21,2025-11-11,Active
24765,13123,121,Current,28242.31,2025-11-11,Active
56781,10449,58,Current,24153.42,2025-11-11,Dormant
58865,5258,129,Savings,76752.56,2025-11-11,Dormant
64873,22378,147,Current,15643.97,2025-11-11,Active
67216,16044,119,Salary,82802.25,2025-11-11,Active
77041,19345,85,Salary,12917.88,2025-11-11,Active
79026,5067,21,Current,42892.91,2025-11-11,Active
80946,33427,56,Savings,112087.38,2025-11-11,Active
84788,47795,142,Savings,4801.93,2025-11-11,Active
89717,31238,68,Savings,49514.72,2025-11-11,Active
94049,600,11,Savings,76753.19,2025-11-11,Closed
1866,50045,17,Salary,104439.2,2025-11-12,Dormant
7758,38284,68,Savings,65606.47,2025-11-12,Active
12300,29642,109,Current,91072.14,2025-11-12,Dormant
14963,14888,64,Fixed Deposit,40667.42,2025-11-12,Dormant
15452,52494,78,Savings,13009.75,2025-11-12,Active
23599,58322,125,Savings,70768.92,2025-11-12,Active
29861,39944,127,Savings,66456.01,2025-11-12,Active
38704,9613,51,Savings,11123.74,2025-11-12,Active
74661,19049,12,Savings,87687.91,2025-11-12,Active
76107,38006,121,Savings,31759.94,2025-11-12,Active
82546,50228,46,Salary,48760.43,2025-11-12,Active
90347,22882,127,Current,30861.96,2025-11-12,Active
4258,28309,34,Savings,88541.47,2025-11-13,Active
18381,39332,83,Savings,65110.76,2025-11-13,Active
24895,37257,49,Savings,20208.2,2025-11-13,Active
32603,18978,114,Savings,4961.94,2025-11-13,Active
41107,28548,106,Salary,56742.87,2025-11-13,Active
51334,49048,83,Savings,26058.19,2025-11-13,Active
52257,20640,131,Fixed Deposit,44476.47,2025-11-13,Active
52264,15355,32,Savings,23064.12,2025-11-13,Active
52633,2401,133,Current,48034.47,2025-11-13,Active
58462,46905,108,Savings,115595.58,2025-11-13,Active
66192,30182,47,Fixed Deposit,31219.27,2025-11-13,Active
78384,23538,73,Current,2844.28,2025-11-13,Active
92836,3425,103,Savings,3506.59,2025-11-13,Active
93629,35486,26,Savings,37662.23,2025-11-13,Active
10746,30430,103,Fixed Deposit,59227.36,2025-11-14,Active
14117,7369,83,Savings,62876.43,2025-11-14,Dormant
19663,38755,112,Savings,31317.74,2025-11-14,Active
39499,6094,106,Salary,17691.34,2025-11-14,Active
41687,16311,139,Savings,53606.02,2025-11-14,Active
42504,42931,121,Savings,105970.48,2025-11-14,Active
42636,51289,115,NRI,48727.54,2025-11-14,Active
45365,50229,43,Salary,165373.36,2025-11-14,Active
51309,44016,12,Savings,64872.78,2025-11-14,Active
53219,6436,52,Savings,14062.04,2025-11-14,Dormant
57428,32942,33,Savings,17778.74,2025-11-14,Active
70603,6901,47,Salary,50067.71,2025-11-14,Active
71830,54366,145,Savings,20947.56,2025-11-14,Active
80263,4217,119,Fixed Deposit,18610.13,2025-11-14,Active
83191,57313,139,Salary,13193.44,2025-11-14,Active
15338,41197,52,Current,62028.61,2025-11-15,Active
16712,2938,63,Fixed Deposit,4570.58,2025-11-15,Dormant
27291,45577,94,Savings,58005.73,2025-11-15,Active
42751,7116,87,Savings,130173.05,2025-11-15,Active
48802,50069,43,Savings,6065.16,2025-11-15,Active
49344,23318,23,Fixed Deposit,46782.56,2025-11-15,Active
51081,32323,52,Salary,15417.83,2025-11-15,Active
57777,56738,80,Salary,19902.15,2025-11-15,Active
62288,13703,75,Current,24933.37,2025-11-15,Active
65450,48466,36,Fixed Deposit,136424.31,2025-11-15,Active
82495,53678,136,Savings,1672.51,2025-11-15,Active
93542,41847,140,Current,18781.12,2025-11-15,Dormant
94227,40300,34,Savings,2746.98,2025-11-15,Active
94286,21236,52,Savings,4685.33,2025-11-15,Active
8510,56065,35,Current,26067.49,2025-11-16,Active
16959,8110,101,Fixed Deposit,15605.84,2025-11-16,Closed
22454,12806,76,Savings,98325.55,2025-11-16,Active
22523,22733,81,Savings,38993.51,2025-11-16,Active
39352,10935,6,Savings,21156.36,2025-11-16,Active
51276,48241,80,Salary,181674.14,2025-11-16,Active
58437,24954,34,Savings,54232.89,2025-11-16,Active
68295,44250,137,Savings,39162.6,2025-11-16,Active
82018,54751,20,Salary,33930.53,2025-11-16,Active
88321,22671,18,Current,17842.1,2025-11-16,Active
7847,50520,35,Savings,75948.19,2025-11-17,Active
23850,8734,103,Fixed Deposit,97347.65,2025-11-17,Active
47566,26082,5,Savings,102578.3,2025-11-17,Active
50206,24055,7,Fixed Deposit,1780.56,2025-11-17,Active
57651,29371,135,NRI,31924.82,2025-11-17,Active
62667,42420,105,Savings,18524.16,2025-11-17,Closed
67100,40807,116,Savings,10830.96,2025-11-17,Active
81302,50722,55,Savings,54082.75,2025-11-17,Dormant
17532,22014,142,Fixed Deposit,13509.12,2025-11-18,Active
31217,46188,70,Savings,38491.62,2025-11-18,Dormant
33382,13319,32,Current,154580.11,2025-11-18,Active
37449,25617,121,Current,14734.88,2025-11-18,Active
66214,20583,146,Savings,3869.33,2025-11-18,Closed
75459,22323,89,Fixed Deposit,7822.86,2025-11-18,Active
76312,52032,10,Savings,30466.77,2025-11-18,Active
81215,55536,106,Savings,67721.12,2025-11-18,Active
86396,49664,29,Current,51664.69,2025-11-18,Active
94482,42521,147,Savings,16037.7,2025-11-18,Active
9133,42741,26,Savings,50612.58,2025-11-19,Active
10634,48027,116,Savings,143060.59,2025-11-19,Active
25449,52744,45,Fixed Deposit,34064.7,2025-11-19,Dormant
38854,46414,120,Savings,8547.08,2025-11-19,Active
65606,43682,88,Savings,27687.51,2025-11-19,Active
65812,25925,75,Current,28676.63,2025-11-19,Active
67768,8527,145,Savings,3304.12,2025-11-19,Closed
75106,14811,43,Fixed Deposit,32497.17,2025-11-19,Active
2641,45565,94,Savings,63689.91,2025-11-20,Active
18812,14650,49,Savings,20748.46,2025-11-20,Active
23759,15107,87,Savings,15626.63,2025-11-20,Active
23818,40022,54,Savings,51630.93,2025-11-20,Dormant
28780,47486,150,Savings,68414.82,2025-11-20,Closed
30902,49577,114,NRI,38116.71,2025-11-20,Active
32633,3376,122,Salary,70089.65,2025-11-20,Active
32744,25728,81,Savings,19411.37,2025-11-20,Closed
36916,25026,129,Current,53899.71,2025-11-20,Active
37072,11215,90,Savings,24711.3,2025-11-20,Active
38075,4542,56,Savings,43847.4,2025-11-20,Active
51511,55246,112,Savings,50048.2,2025-11-20,Active
61476,5533,19,Savings,2894.62,2025-11-20,Active
65084,34263,38,Current,28964.19,2025-11-20,Active
69010,47718,71,Savings,16917.12,2025-11-20,Active
71732,12811,8,Current,8011.81,2025-11-20,Dormant
73799,45938,145,Current,131470.12,2025-11-20,Active
88868,26006,64,Salary,1781.96,2025-11-20,Active
92883,3563,49,Current,74840.04,2025-11-20,Active
14500,5585,15,Savings,14603.3,2025-11-21,Active
28783,7155,148,Salary,38611.71,2025-11-21,Active
32178,24213,89,Savings,36809.81,2025-11-21,Active
36297,55651,69,Fixed Deposit,85655.03,2025-11-21,Active
45633,52000,3,Savings,11817.81,2025-11-21,Active
60358,16235,82,Current,54964.22,2025-11-21,Active
62166,16592,100,Salary,15050.06,2025-11-21,Active
64798,17011,83,Current,121179.66,2025-11-21,Active
67209,34312,139,Savings,5587.77,2025-11-21,Active
70045,36685,45,Current,19274.49,2025-11-21,Active
75916,23089,46,Savings,26889.28,2025-11-21,Active
81243,17888,10,Salary,50168.36,2025-11-21,Active
7297,58691,30,Salary,87454.55,2025-11-22,Active
7772,33326,108,Savings,8725.09,2025-11-22,Active
14104,58038,136,Savings,119411.91,2025-11-22,Active
15748,30207,53,Savings,44794.22,2025-11-22,Active
28870,21576,84,Savings,37421.57,2025-11-22,Active
28919,33388,13,Current,34887.61,2025-11-22,Active
29692,22098,70,Salary,14023.48,2025-11-22,Active
38599,45297,107,Fixed Deposit,45462.1,2025-11-22,Active
47040,54898,17,Fixed Deposit,13000.03,2025-11-22,Active
65820,15062,106,Savings,103106.3,2025-11-22,Active
84797,34821,85,Savings,8847.45,2025-11-22,Active
91191,57702,25,Current,34081.48,2025-11-22,Active
1492,42336,83,Salary,33031.8,2025-11-23,Active
32240,21754,23,Savings,8194.21,2025-11-23,Active
35977,15077,134,Current,125087.41,2025-11-23,Active
40898,28775,18,Salary,7417.26,2025-11-23,Active
43442,21330,112,Savings,67503.1,2025-11-23,Active
55855,9812,85,NRI,18108.84,2025-11-23,Active
61080,23957,121,NRI,49355.19,2025-11-23,Active
61329,22032,34,Savings,29183.61,2025-11-23,Closed
62443,30498,128,Fixed Deposit,13364.68,2025-11-23,Active
73163,10388,134,Savings,9404.91,2025-11-23,Active
81067,11691,115,Salary,12957.54,2025-11-23,Active
33279,7598,43,Savings,41532.46,2025-11-24,Closed
41886,3403,9,Current,4518.68,2025-11-24,Active
53920,38880,124,Savings,108299.86,2025-11-24,Active
66968,6211,79,Current,145201.11,2025-11-24,Closed
82310,18534,38,Savings,146190.17,2025-11-24,Active
87228,58668,89,Savings,27543.84,2025-11-24,Active
5379,41749,145,Current,15828.08,2025-11-25,Active
6611,31182,43,Salary,528.76,2025-11-25,Active
16532,42082,28,Salary,21568.78,2025-11-25,Active
18987,52100,122,Fixed Deposit,26994.78,2025-11-25,Dormant
22183,10885,123,Salary,16089.27,2025-11-25,Dormant
24114,56598,74,Savings,66804.05,2025-11-25,Active
27116,9312,99,Salary,64360.86,2025-11-25,Active
32209,19858,143,Savings,539.47,2025-11-25,Active
38614,15556,70,Salary,106807.39,2025-11-25,Active
44256,5904,125,Savings,79998.5,2025-11-25,Active
44760,42204,67,Savings,11079.47,2025-11-25,Active
56755,19788,45,Savings,139025.76,2025-11-25,Active
79658,22607,26,Savings,43676.59,2025-11-25,Dormant
92282,18477,58,Savings,59617.1,2025-11-25,Active
93287,7706,32,Fixed Deposit,2383.67,2025-11-25,Dormant
11261,31094,111,Savings,24124.79,2025-11-26,Active
11965,24716,146,Savings,39727.01,2025-11-26,Active
18532,41230,22,Salary,18751.93,2025-11-26,Active
24262,55075,123,Current,97278.85,2025-11-26,Active
24464,11798,19,Savings,19718.42,2025-11-26,Active
32092,56550,56,NRI,145027.79,2025-11-26,Active
33993,54988,31,Current,71364.21,2025-11-26,Active
49835,37680,28,Current,21208.75,2025-11-26,Active
51924,57995,80,NRI,88105.96,2025-11-26,Dormant
52370,52307,98,Fixed Deposit,39329.63,2025-11-26,Active
63553,45442,136,Current,89091.54,2025-11-26,Active
64020,46239,62,Savings,2979.52,2025-11-26,Active
75247,51880,5,Savings,114991.9,2025-11-26,Active
76625,27519,25,NRI,228863.95,2025-11-26,Dormant
89290,48005,1,NRI,11769.07,2025-11-26,Active
90589,49100,119,Salary,39048.51,2025-11-26,Active
93930,27137,14,Salary,73393.07,2025-11-26,Active
1587,2883,88,Savings,44492.4,2025-11-27,Active
5328,15090,110,Savings,208513.99,2025-11-27,Active
5549,26929,88,Current,24200.72,2025-11-27,Active
9359,53716,120,Salary,72771.03,2025-11-27,Active
25907,27858,65,Current,18908.91,2025-11-27,Active
29234,58654,66,Fixed Deposit,10468.4,2025-11-27,Active
30609,47115,37,Fixed Deposit,129393.61,2025-11-27,Active
38092,58075,140,Savings,32598.01,2025-11-27,Active
42019,39499,118,Current,30623,2025-11-27,Active
56313,33862,49,Savings,21760.74,2025-11-27,Active
58227,11358,19,NRI,3357.83,2025-11-27,Active
73613,49930,24,Current,20614.5,2025-11-27,Active
82585,32051,103,Savings,25851.1,2025-11-27,Active
86336,31018,63,Savings,92975.86,2025-11-27,Active
93720,50255,60,Current,22054.97,2025-11-27,Active
4205,5299,142,Savings,55414.02,2025-11-28,Active
15161,1956,20,Savings,8835.93,2025-11-28,Active
19935,4107,50,Savings,963.65,2025-11-28,Active
35273,1059,93,Current,36831.39,2025-11-28,Active
36465,49461,116,Salary,10929.71,2025-11-28,Active
71215,51539,68,Savings,14872.48,2025-11-28,Active
75637,16271,110,Savings,12456.22,2025-11-28,Active
82195,14755,19,Current,22183.01,2025-11-28,Dormant
86618,51863,28,Current,24357.08,2025-11-28,Active
90917,52766,114,Savings,28059.79,2025-11-28,Active
94252,48028,106,Savings,24060.46,2025-11-28,Active
10117,18555,140,Savings,67294.96,2025-11-29,Active
18229,34955,63,Savings,21434.89,2025-11-29,Active
55203,1856,133,Fixed Deposit,68364.94,2025-11-29,Active
80142,27158,98,Salary,80298.54,2025-11-29,Active
85024,41397,76,Current,20608.71,2025-11-29,Active
87581,35511,65,NRI,35356.25,2025-11-29,Active
88753,31981,21,Salary,43463.78,2025-11-29,Active
93755,32602,50,Fixed Deposit,2694.51,2025-11-29,Dormant
3595,44306,50,Fixed Deposit,755.63,2025-11-30,Active
17058,28080,83,Savings,32381.66,2025-11-30,Active
22795,30635,134,Fixed Deposit,24292.49,2025-11-30,Dormant
23808,51879,7,Current,3984.38,2025-11-30,Active
27879,50718,150,Savings,3813.63,2025-11-30,Active
34229,49528,26,Current,10438.22,2025-11-30,Active
37272,28544,45,Fixed Deposit,16375.65,2025-11-30,Active
40420,52261,136,Current,12232.33,2025-11-30,Active
50573,53616,144,Savings,24937.82,2025-11-30,Active
3449,1433,120,Savings,83079.41,2025-12-01,Active
21999,32630,106,Salary,54245.5,2025-12-01,Active
24785,18061,38,Savings,153997.86,2025-12-01,Active
25894,43248,23,Salary,100045.7,2025-12-01,Active
26642,48861,90,Fixed Deposit,25061.53,2025-12-01,Active
31421,50518,70,Salary,88486.66,2025-12-01,Active
43570,5172,150,Savings,16729.71,2025-12-01,Active
62750,48602,76,Savings,158333.41,2025-12-01,Active
89639,25896,110,Fixed Deposit,5114.13,2025-12-01,Closed
3289,1993,66,Savings,29833.38,2025-12-02,Active
6917,38329,61,Savings,3360.93,2025-12-02,Active
11509,5129,77,Savings,53664.72,2025-12-02,Active
14819,39281,99,Current,23919.94,2025-12-02,Closed
18961,1459,145,Savings,9155.22,2025-12-02,Active
24780,39389,111,Savings,3032.3,2025-12-02,Active
37134,24923,16,Fixed Deposit,23880.63,2025-12-02,Active
38296,12983,4,Savings,23915.72,2025-12-02,Active
42186,35445,18,Fixed Deposit,69676.87,2025-12-02,Active
46489,48962,15,Current,75871.02,2025-12-02,Active
59949,9328,94,Salary,21903.54,2025-12-02,Active
94043,15886,104,Savings,180143.28,2025-12-02,Active
1477,31179,22,Savings,47773.51,2025-12-03,Active
8025,22140,46,Salary,123878.77,2025-12-03,Active
24101,1394,9,Current,35449.14,2025-12-03,Active
36729,38129,2,Savings,109603.87,2025-12-03,Active
40486,51151,131,Savings,105817.44,2025-12-03,Active
50079,20094,31,Fixed Deposit,8133.75,2025-12-03,Active
70027,53539,68,Current,44827.97,2025-12-03,Active
70497,56603,69,Salary,20040.92,2025-12-03,Active
71277,8893,96,Savings,71666.45,2025-12-03,Active
72734,16846,80,Savings,4575.74,2025-12-03,Active
83306,32068,128,Current,27124.28,2025-12-03,Active
5949,22287,71,Savings,15117.69,2025-12-04,Active
8286,50968,8,Current,4180.15,2025-12-04,Active
12393,39644,101,Current,17237.92,2025-12-04,Active
22588,52117,112,Fixed Deposit,48911.94,2025-12-04,Active
35676,28513,40,Current,64635.02,2025-12-04,Closed
44289,18687,116,Salary,33002.99,2025-12-04,Active
59012,36464,129,Savings,6185.49,2025-12-04,Closed
59844,2086,19,Salary,40606.94,2025-12-04,Active
64378,19860,8,Current,55534.78,2025-12-04,Active
2343,49969,69,Current,20058.34,2025-12-05,Active
2468,25199,23,Savings,1694.43,2025-12-05,Active
7448,15232,41,Salary,63845.94,2025-12-05,Active
19046,17899,25,Savings,49877.04,2025-12-05,Active
33314,25991,59,Savings,25728.52,2025-12-05,Active
34732,32060,49,Salary,76446.37,2025-12-05,Active
36776,23942,64,Savings,90450.91,2025-12-05,Active
37173,57656,49,Current,97390.47,2025-12-05,Active
40737,3900,117,Savings,238034.93,2025-12-05,Active
74557,11825,32,Savings,10729.85,2025-12-05,Active
74803,49606,35,Salary,38433.08,2025-12-05,Closed
16737,52001,18,Salary,25101.75,2025-12-06,Active
19711,39767,31,Savings,20049.99,2025-12-06,Active
30510,47639,113,Savings,2501.73,2025-12-06,Active
34007,49091,131,Savings,32007.02,2025-12-06,Active
69508,13796,40,Current,10361.19,2025-12-06,Active
70819,31976,144,Salary,160905.55,2025-12-06,Active
71827,49847,64,Savings,43555.46,2025-12-06,Active
78082,5716,65,Savings,21789.27,2025-12-06,Closed
92448,16241,52,Current,16141.87,2025-12-06,Dormant
6489,53148,72,Savings,3727,2025-12-07,Active
29866,4702,135,Savings,36949.49,2025-12-07,Dormant
31015,20895,114,Current,109050.39,2025-12-07,Active
32033,711,85,NRI,23116.57,2025-12-07,Active
35306,50677,101,Savings,4513.93,2025-12-07,Active
49479,47510,107,Savings,98280.62,2025-12-07,Active
60873,249,51,Fixed Deposit,40061.12,2025-12-07,Active
64285,31297,27,Salary,55227.44,2025-12-07,Active
71048,23939,65,Savings,84683.4,2025-12-07,Active
85953,54976,138,Savings,2479.11,2025-12-07,Active
89375,58201,4,Savings,23483.6,2025-12-07,Active
2084,28130,56,Fixed Deposit,98064.72,2025-12-08,Active
33561,55595,8,Savings,31213.66,2025-12-08,Dormant
33737,6684,54,Current,38601.07,2025-12-08,Active
45272,13299,131,Savings,7030.14,2025-12-08,Active
56200,28529,86,Salary,43088.17,2025-12-08,Active
58449,42565,109,Savings,28229.11,2025-12-08,Active
68016,35701,107,Savings,129793.16,2025-12-08,Active
26771,55983,39,Salary,9623.91,2025-12-09,Active
41374,49473,150,Savings,46127.09,2025-12-09,Active
45447,38485,59,Fixed Deposit,24660.11,2025-12-09,Active
48984,33924,101,Fixed Deposit,4486.74,2025-12-09,Active
51873,32201,118,Current,7114.31,2025-12-09,Active
52069,42616,47,Salary,117783.37,2025-12-09,Active
61891,57936,55,Current,67929.95,2025-12-09,Closed
89174,17645,131,Savings,116558.58,2025-12-09,Active
22567,56791,92,Salary,54669.18,2025-12-10,Active
23472,19980,34,Savings,2843.07,2025-12-10,Active
38222,49141,12,NRI,6427.28,2025-12-10,Active
43469,59076,133,Savings,4158.59,2025-12-10,Active
43757,30347,47,Savings,10598.29,2025-12-10,Active
60523,59808,41,Savings,32641.15,2025-12-10,Active
69476,12993,16,Savings,20646.3,2025-12-10,Active
83214,43021,126,Savings,61346.75,2025-12-10,Active
2353,43131,10,Salary,65404.08,2025-12-11,Active
2377,51506,21,Savings,128590.01,2025-12-11,Active
8063,55450,26,Current,63913.6,2025-12-11,Active
15322,23356,134,Fixed Deposit,13340.86,2025-12-11,Active
19035,36304,17,Savings,31738.46,2025-12-11,Active
19872,24896,56,Savings,16872.1,2025-12-11,Active
24253,820,84,Savings,31655.2,2025-12-11,Active
25616,772,2,Current,112784.12,2025-12-11,Active
30253,35487,57,Salary,102941.35,2025-12-11,Active
32055,32712,39,Fixed Deposit,57825.06,2025-12-11,Active
36717,663,110,Savings,149076.88,2025-12-11,Dormant
37708,33728,93,Savings,6575.03,2025-12-11,Active
42723,9978,110,Current,168523.62,2025-12-11,Closed
43211,50381,138,Salary,5282.55,2025-12-11,Active
52434,55879,5,NRI,39228.51,2025-12-11,Active
62709,3503,32,Savings,37860.45,2025-12-11,Active
65289,56553,51,Current,3277.03,2025-12-11,Active
71012,22431,27,Savings,65092.56,2025-12-11,Active
85822,51367,142,Salary,53919.03,2025-12-11,Active
36120,25586,139,Salary,33521.77,2025-12-12,Active
50790,41339,79,Savings,16133.31,2025-12-12,Active
52039,42876,118,Savings,86885.44,2025-12-12,Active
62657,2497,68,Savings,17787.08,2025-12-12,Dormant
63275,8463,1,Savings,259017.91,2025-12-12,Active
65526,50696,104,Savings,231036.32,2025-12-12,Active
68131,5351,12,Salary,45888.44,2025-12-12,Active
74928,20929,107,Savings,28978.47,2025-12-12,Active
82139,34366,98,Salary,55241.94,2025-12-12,Active
86325,53896,42,Current,71748.55,2025-12-12,Active
90370,29606,72,Current,46983.59,2025-12-12,Active
9860,37337,113,Current,105091.83,2025-12-13,Active
14089,46948,144,Savings,37475.45,2025-12-13,Active
14160,18012,66,Savings,45316.27,2025-12-13,Active
15690,17426,59,Savings,49982.17,2025-12-13,Active
21609,2435,17,Current,34903.95,2025-12-13,Active
22831,56125,103,Savings,15330.95,2025-12-13,Active
48651,8169,40,Savings,3319.02,2025-12-13,Active
55687,40057,50,Savings,10307.63,2025-12-13,Active
58673,14679,104,Savings,69218.13,2025-12-13,Active
63190,55172,37,Salary,26963.04,2025-12-13,Active
64675,40204,131,Salary,19340.51,2025-12-13,Active
65058,11811,19,Savings,37797.32,2025-12-13,Dormant
66786,30875,131,Savings,15144.08,2025-12-13,Active
67738,35708,117,NRI,33623.5,2025-12-13,Active
80607,20867,22,Savings,27024.1,2025-12-13,Active
89043,27743,72,Savings,15769.95,2025-12-13,Active
10201,45309,65,Current,18307.27,2025-12-14,Active
20544,31089,114,Savings,122368.76,2025-12-14,Active
20973,12352,112,Current,33689.63,2025-12-14,Dormant
26532,49218,85,Savings,2469.81,2025-12-14,Active
26960,47544,108,Savings,19912.16,2025-12-14,Active
46785,58160,122,Fixed Deposit,8792.96,2025-12-14,Active
50394,23522,74,Current,103658.1,2025-12-14,Active
51964,42885,79,Current,95651,2025-12-14,Active
59726,2750,97,Savings,28590.2,2025-12-14,Active
61321,20691,147,Savings,20278.67,2025-12-14,Closed
66852,29331,133,Savings,239898.57,2025-12-14,Active
67377,51040,105,Salary,59577.4,2025-12-14,Active
67532,1759,100,Savings,2328.34,2025-12-14,Active
74118,48411,9,Current,24304.33,2025-12-14,Active
74260,13228,74,Savings,5645.99,2025-12-14,Active
76148,52021,129,Current,96467.61,2025-12-14,Active
81456,43875,74,Fixed Deposit,2169.15,2025-12-14,Active
2331,43064,105,Savings,46488.22,2025-12-15,Active
4246,7728,41,Savings,132972.37,2025-12-15,Active
13255,15524,93,Salary,39271.51,2025-12-15,Active
28111,16771,97,Current,98620.89,2025-12-15,Closed
30783,54138,12,Salary,2991.2,2025-12-15,Active
34193,17711,32,Savings,33026.52,2025-12-15,Active
58270,43379,126,Savings,13441.78,2025-12-15,Active
61447,6038,128,Savings,35849.39,2025-12-15,Active
63918,11841,140,Current,181688.71,2025-12-15,Active
67920,38498,109,Fixed Deposit,16179.44,2025-12-15,Active
72191,58366,1,Savings,20418.49,2025-12-15,Active
78907,36533,41,Salary,83063.4,2025-12-15,Dormant
85655,41037,93,Savings,3225.98,2025-12-15,Active
191,17938,13,Salary,8269.82,2025-12-16,Active
10886,47691,7,Savings,29027.76,2025-12-16,Active
16563,59861,95,Savings,12992.51,2025-12-16,Active
23795,18830,147,Salary,39418.76,2025-12-16,Active
37855,7741,9,Savings,14198.53,2025-12-16,Active
69962,3235,20,Savings,5343.76,2025-12-16,Closed
72933,32548,5,Fixed Deposit,2948.97,2025-12-16,Dormant
83812,29077,30,NRI,14719,2025-12-16,Closed
93358,30253,83,Savings,595.16,2025-12-16,Dormant
94272,51955,54,Salary,23682.01,2025-12-16,Active
8749,7665,96,Current,35183.6,2025-12-17,Active
10513,5338,47,Savings,2750.74,2025-12-17,Dormant
13375,11447,5,Fixed Deposit,5271.37,2025-12-17,Dormant
23633,5701,24,Current,154124.33,2025-12-17,Active
50976,662,26,Salary,1929.43,2025-12-17,Active
53012,17098,116,Savings,16044.67,2025-12-17,Active
56439,1209,110,Savings,151024.67,2025-12-17,Dormant
71785,37997,60,Savings,35060.1,2025-12-17,Active
75009,38861,84,Savings,3706.78,2025-12-17,Active
90032,21200,6,Savings,35185.25,2025-12-17,Active
91662,49122,121,Savings,17696.82,2025-12-17,Dormant
14499,24463,67,Current,11011.81,2025-12-18,Active
25033,16693,21,Fixed Deposit,31424.83,2025-12-18,Active
27889,52858,59,Salary,2980.12,2025-12-18,Active
35318,53330,116,Salary,31934.17,2025-12-18,Active
38819,39863,38,Current,5532.81,2025-12-18,Closed
47494,17212,8,Fixed Deposit,63816.77,2025-12-18,Active
49020,19475,28,Savings,24861.32,2025-12-18,Active
49154,30808,108,Savings,52398.63,2025-12-18,Active
52317,52204,86,Current,64509.68,2025-12-18,Active
68796,52893,139,Fixed Deposit,58357.61,2025-12-18,Active
73187,50628,106,Salary,70409.63,2025-12-18,Active
85737,53579,34,Savings,21240.87,2025-12-18,Active
548,14228,67,Savings,12119.36,2025-12-19,Active
4878,45977,13,Savings,7573.75,2025-12-19,Active
10393,41597,29,Salary,24942.63,2025-12-19,Active
10828,56636,70,Current,24039.18,2025-12-19,Active
22016,36390,72,Fixed Deposit,22050.19,2025-12-19,Dormant
24923,57887,68,Fixed Deposit,7661.56,2025-12-19,Active
28836,50049,38,Salary,14195.8,2025-12-19,Active
29821,22126,96,Savings,110319.71,2025-12-19,Active
37223,48949,106,Savings,22729.5,2025-12-19,Active
44894,50856,48,Savings,112330.2,2025-12-19,Active
55994,48625,134,Savings,56311.27,2025-12-19,Active
58247,58313,98,Savings,15900.81,2025-12-19,Active
84306,37115,108,Salary,33527.79,2025-12-19,Active
86014,10850,13,Savings,10356.36,2025-12-19,Active
88113,19934,16,Savings,22760.75,2025-12-19,Active
3685,39256,78,NRI,11762.42,2025-12-20,Active
15726,42663,95,Fixed Deposit,131130.55,2025-12-20,Active
22737,44843,12,Savings,26915.54,2025-12-20,Active
36928,10122,7,Savings,38659.54,2025-12-20,Active
39575,8999,13,NRI,20903.62,2025-12-20,Active
48369,18329,8,Savings,27691.74,2025-12-20,Active
60922,16662,84,Fixed Deposit,16962.12,2025-12-20,Active
64459,43556,2,Savings,16923.21,2025-12-20,Active
79869,1612,115,Current,3382.8,2025-12-20,Active
1948,53680,129,Current,3891.92,2025-12-21,Active
3990,18252,106,Current,11711.71,2025-12-21,Active
4967,3719,20,Savings,22664.58,2025-12-21,Active
11558,35595,128,Savings,111575.41,2025-12-21,Active
12518,10152,112,Savings,98393.88,2025-12-21,Active
26892,27144,9,Savings,3407.83,2025-12-21,Active
34464,59488,118,Fixed Deposit,13827.8,2025-12-21,Active
38939,20525,65,Salary,35681.81,2025-12-21,Active
45368,1530,92,Savings,3241.81,2025-12-21,Active
60043,41542,9,Salary,31169.89,2025-12-21,Active
68846,22685,3,NRI,35046.18,2025-12-21,Active
74701,1557,5,Current,30109.36,2025-12-21,Active
80002,55882,124,Savings,31341.49,2025-12-21,Dormant
94754,49330,141,Savings,1411.38,2025-12-21,Active
3125,31237,19,Current,11714.62,2025-12-22,Active
6298,36760,74,Salary,1211.39,2025-12-22,Active
8450,31556,132,Savings,24330.77,2025-12-22,Active
15856,55951,13,Savings,55063.74,2025-12-22,Active
31903,24290,9,Savings,961.92,2025-12-22,Dormant
40861,34857,49,Current,36236.13,2025-12-22,Active
53183,12930,133,Current,28570.49,2025-12-22,Active
66483,34831,69,Salary,10096.4,2025-12-22,Active
68168,32187,116,Savings,79289.87,2025-12-22,Dormant
70942,21598,5,NRI,24003.29,2025-12-22,Dormant
80343,49875,98,Savings,12922.52,2025-12-22,Closed
91474,55829,3,Savings,1176.7,2025-12-22,Dormant
22307,1963,30,NRI,72604.9,2025-12-23,Active
25463,13472,7,Savings,12376.16,2025-12-23,Active
30590,32225,14,Salary,53589.62,2025-12-23,Active
45115,21240,116,Savings,27910.42,2025-12-23,Active
59663,11060,42,Savings,13066.1,2025-12-23,Active
61414,50836,126,Savings,11515.84,2025-12-23,Active
87388,35787,113,Current,7295.27,2025-12-23,Active
89992,57664,134,Salary,31971.57,2025-12-23,Active
91405,31989,92,Savings,16755.78,2025-12-23,Active
4574,30123,75,Savings,115908.39,2025-12-24,Active
8127,32310,96,NRI,66519.39,2025-12-24,Active
9404,14948,139,Savings,50209.61,2025-12-24,Active
21078,41551,78,Savings,32623.56,2025-12-24,Dormant
21155,36242,45,Savings,122640.13,2025-12-24,Active
45617,55679,141,Savings,13730.09,2025-12-24,Active
48831,6155,129,Salary,29929.77,2025-12-24,Active
57144,40053,129,Salary,27046.95,2025-12-24,Active
63909,38172,56,Savings,27219.77,2025-12-24,Dormant
79726,12269,96,Fixed Deposit,57648.93,2025-12-24,Closed
79895,33667,70,Savings,6716.99,2025-12-24,Dormant
83056,8351,31,NRI,33845.24,2025-12-24,Active
88160,52163,89,Fixed Deposit,116229.04,2025-12-24,Active
9474,48857,8,Savings,7837.7,2025-12-25,Dormant
25006,49088,75,Fixed Deposit,6948.69,2025-12-25,Active
35328,40258,33,Savings,17035,2025-12-25,Dormant
35666,9696,51,Current,2295.17,2025-12-25,Active
38062,16676,8,Savings,5816.99,2025-12-25,Active
47188,42874,123,Current,78768.95,2025-12-25,Active
48103,38423,28,Salary,64465.86,2025-12-25,Active
59141,23426,108,Savings,46534.1,2025-12-25,Active
63508,47486,18,Savings,4754.08,2025-12-25,Active
66160,36307,58,Current,7697.93,2025-12-25,Active
75840,4386,96,Savings,1509.88,2025-12-25,Active
76088,29074,122,Salary,23190.14,2025-12-25,Dormant
84595,28875,119,Savings,116029.52,2025-12-25,Active
85346,16585,71,Savings,51184.83,2025-12-25,Active
25943,38805,24,Fixed Deposit,72418.94,2025-12-26,Active
38272,17271,11,Savings,65943.1,2025-12-26,Active
46704,34701,10,Fixed Deposit,18112.81,2025-12-26,Active
55891,25408,54,Fixed Deposit,146119.25,2025-12-26,Dormant
58139,33877,96,Current,51884.2,2025-12-26,Active
59232,3261,51,Savings,40794.94,2025-12-26,Active
59477,31777,11,Salary,56838.97,2025-12-26,Active
74518,19936,90,Fixed Deposit,15860.14,2025-12-26,Active
76092,32379,49,Salary,86670.98,2025-12-26,Closed
81974,8093,37,Savings,53339.79,2025-12-26,Active
1942,26010,122,NRI,60060.45,2025-12-27,Active
4629,14374,91,Savings,60212.89,2025-12-27,Active
19987,1873,40,NRI,32233.82,2025-12-27,Active
25242,704,94,Current,35145.02,2025-12-27,Active
29850,27047,69,Salary,1228.94,2025-12-27,Active
34686,50761,136,Savings,24742.87,2025-12-27,Active
35475,36409,37,Current,23350.68,2025-12-27,Active
39755,4313,118,Current,1971.39,2025-12-27,Active
55420,2886,131,Current,95960.52,2025-12-27,Active
68120,59067,45,Salary,10706.89,2025-12-27,Active
71875,40923,43,Savings,19913.84,2025-12-27,Active
79627,39468,93,Salary,22482.6,2025-12-27,Closed
82026,50421,83,Savings,28772.22,2025-12-27,Active
84333,16667,29,Savings,2590.72,2025-12-27,Dormant
90256,35608,147,Current,48846.41,2025-12-27,Active
90783,54385,34,Savings,20579.53,2025-12-27,Active
93725,48077,107,Current,8553.11,2025-12-27,Active
6351,18959,71,Savings,102012.38,2025-12-28,Active
17337,51789,116,Current,1420.32,2025-12-28,Active
18029,12242,59,Savings,101083.62,2025-12-28,Active
25498,31783,117,Savings,78933.76,2025-12-28,Active
33507,17249,113,NRI,58524.5,2025-12-28,Dormant
42999,51555,39,Savings,49716.78,2025-12-28,Active
48496,48517,125,Savings,57119.32,2025-12-28,Active
52118,32043,140,Current,51841.6,2025-12-28,Dormant
58016,55614,28,Savings,46577.7,2025-12-28,Active
90422,11971,109,Salary,110721.24,2025-12-28,Active
5583,21875,98,NRI,23469.94,2025-12-29,Active
6153,40418,41,Salary,15589.48,2025-12-29,Active
10587,30267,147,Savings,41480.62,2025-12-29,Active
15329,35798,101,Current,7997.82,2025-12-29,Active
37803,306,29,Savings,2040,2025-12-29,Active
46590,42770,107,Current,10453.1,2025-12-29,Active
46870,56996,6,Savings,137186.66,2025-12-29,Active
52956,34834,70,Savings,1161.48,2025-12-29,Dormant
55736,31706,73,NRI,21509.61,2025-12-29,Active
72020,19344,107,Savings,70785.21,2025-12-29,Active
74987,10680,111,Current,20080.92,2025-12-29,Active
87692,48214,81,NRI,58601.33,2025-12-29,Active
90599,32088,148,Current,27513.69,2025-12-29,Active
6311,45179,93,Salary,49296.24,2025-12-30,Active
20572,22743,50,Savings,68690.72,2025-12-30,Active
48630,37000,122,Savings,13466.45,2025-12-30,Active
61150,50140,46,Current,8443.49,2025-12-30,Active
63813,33595,150,Fixed Deposit,6518.34,2025-12-30,Active
75306,41412,84,Savings,28545.73,2025-12-30,Active
80253,31357,87,Salary,6853.58,2025-12-30,Active
83875,25031,65,Savings,99718.53,2025-12-30,Active
89220,24128,46,Savings,10846.51,2025-12-30,Active
92204,32061,38,Fixed Deposit,29658.5,2025-12-30,Active
14483,54736,61,Savings,83595.03,2025-12-31,Active
21803,2219,110,Savings,9981.1,2025-12-31,Dormant
30145,32142,126,Current,42401.7,2025-12-31,Active
30942,58210,90,Fixed Deposit,166463.97,2025-12-31,Active
33292,10699,56,Savings,77778.41,2025-12-31,Closed
48219,52300,125,Savings,18670.71,2025-12-31,Closed
50912,30123,133,Current,107423.62,2025-12-31,Active
56262,39325,91,Fixed Deposit,9858.5,2025-12-31,Active
69098,25202,114,Fixed Deposit,75905.14,2025-12-31,Active
74466,21487,54,Savings,61795.77,2025-12-31,Closed
2489,12079,47,Fixed Deposit,113164.7,2026-01-01,Dormant
3579,823,35,Savings,7704.49,2026-01-01,Active
4719,45860,123,Savings,81549.71,2026-01-01,Dormant
6681,41421,106,Current,193799.34,2026-01-01,Active
29437,36060,42,Current,57004.73,2026-01-01,Active
46417,35569,108,Savings,1986.13,2026-01-01,Active
54784,48438,5,Savings,28195.01,2026-01-01,Active
59345,36333,142,Current,986.86,2026-01-01,Active
76421,40526,150,Current,23758.78,2026-01-01,Active
83030,9218,107,Current,5459.05,2026-01-01,Active
84318,2158,111,Salary,19737.38,2026-01-01,Active
88993,2904,150,Current,44776.41,2026-01-01,Active
2940,36484,69,Savings,138088.84,2026-01-02,Active
10142,54784,91,Savings,40177.52,2026-01-02,Active
25882,57393,62,Salary,17449.8,2026-01-02,Active
26550,25514,139,Savings,8554.47,2026-01-02,Closed
53482,56317,76,Salary,104059.62,2026-01-02,Active
62118,4340,114,Fixed Deposit,47606.49,2026-01-02,Active
63270,49103,89,Salary,42661.64,2026-01-02,Active
76519,32501,81,Savings,39678.35,2026-01-02,Active
90028,14795,38,Salary,33359.67,2026-01-02,Dormant
1170,17647,82,Savings,29315.5,2026-01-03,Active
20944,32285,122,Current,17555.42,2026-01-03,Active
34457,13380,138,Savings,180846.57,2026-01-03,Active
42749,49295,88,Savings,52947.26,2026-01-03,Active
50677,25990,100,Savings,60009.02,2026-01-03,Active
50761,57989,55,Fixed Deposit,62880.36,2026-01-03,Active
61398,9485,11,Savings,116783.43,2026-01-03,Active
76740,48436,18,Current,68536.79,2026-01-03,Dormant
84444,44297,148,Savings,3736.98,2026-01-03,Closed
84593,44144,49,Current,21341.77,2026-01-03,Dormant
3651,1572,126,Savings,14852,2026-01-04,Active
4989,29910,58,Savings,25525.98,2026-01-04,Active
7760,26283,85,Salary,55552.31,2026-01-04,Active
17069,40023,31,Savings,28016.3,2026-01-04,Active
30589,11222,125,Savings,14441.36,2026-01-04,Active
38720,16378,55,Fixed Deposit,6938.41,2026-01-04,Active
42510,39603,45,Fixed Deposit,43555.89,2026-01-04,Active
55684,38789,22,Savings,7682.96,2026-01-04,Active
93076,39082,46,Fixed Deposit,91556.52,2026-01-04,Active
2667,34613,42,Savings,28305.62,2026-01-05,Active
3972,44288,88,Savings,75768.1,2026-01-05,Active
3981,12589,63,Savings,23818.08,2026-01-05,Active
4110,9920,31,Savings,5394.21,2026-01-05,Active
15005,52692,50,Fixed Deposit,34926.49,2026-01-05,Active
15482,22174,21,Salary,110844.93,2026-01-05,Closed
16422,54416,10,NRI,9351.5,2026-01-05,Active
19694,38804,109,Savings,7287.75,2026-01-05,Active
21647,32301,47,Savings,13993.39,2026-01-05,Active
32168,1591,98,Current,30773.61,2026-01-05,Closed
33670,27994,12,Savings,50696.46,2026-01-05,Active
42152,52688,69,Salary,8426.24,2026-01-05,Dormant
71047,16820,37,Current,31884.61,2026-01-05,Active
72844,32737,118,Savings,5895.91,2026-01-05,Active
72961,35311,147,Savings,40525.83,2026-01-05,Active
5305,41076,51,Savings,50808.94,2026-01-06,Active
5391,35407,64,Savings,16172.14,2026-01-06,Active
16171,41769,45,Savings,24270.96,2026-01-06,Active
26648,7147,104,Savings,7083.74,2026-01-06,Active
26669,18108,22,Salary,10572.24,2026-01-06,Dormant
31776,36476,79,Fixed Deposit,41358.43,2026-01-06,Active
42332,47587,36,Fixed Deposit,74231.82,2026-01-06,Active
50490,23036,48,Savings,78831.9,2026-01-06,Active
54963,35549,146,Salary,12222.76,2026-01-06,Active
60134,44240,150,Savings,199470.71,2026-01-06,Active
83799,35271,122,Savings,54573.47,2026-01-06,Closed
85292,1704,142,Current,24264.48,2026-01-06,Active
86020,35710,44,Savings,45401.27,2026-01-06,Active
88904,28335,124,Savings,39106.64,2026-01-06,Active
28928,48182,51,NRI,74844.73,2026-01-07,Active
39305,39601,56,Savings,98164.55,2026-01-07,Active
40965,52068,143,Salary,241926.73,2026-01-07,Closed
60442,2493,9,Savings,34161.22,2026-01-07,Active
63233,54290,90,Fixed Deposit,76392.28,2026-01-07,Dormant
74178,40280,2,Savings,5096.55,2026-01-07,Active
76867,39623,52,Savings,31013.38,2026-01-07,Active
84948,2342,21,NRI,105579.25,2026-01-07,Active
1167,53217,54,NRI,52433.61,2026-01-08,Dormant
20256,56115,144,Savings,57572,2026-01-08,Active
30700,23052,47,Savings,42931.07,2026-01-08,Active
34225,9286,63,Savings,47198.67,2026-01-08,Active
61295,57443,118,NRI,15585.68,2026-01-08,Active
67170,4085,106,Fixed Deposit,16080.39,2026-01-08,Active
91606,5722,129,Savings,86648.44,2026-01-08,Active
1251,8971,47,Fixed Deposit,68523.67,2026-01-09,Active
7607,5759,137,Fixed Deposit,11073.19,2026-01-09,Active
9701,24588,39,NRI,10789.2,2026-01-09,Active
15069,23564,25,Savings,2547.49,2026-01-09,Active
22104,52319,40,Savings,18753.66,2026-01-09,Active
33842,39545,145,Savings,76752.4,2026-01-09,Active
36212,2970,135,NRI,5172.45,2026-01-09,Active
36514,612,145,Current,4477.44,2026-01-09,Active
42382,27610,42,Savings,35822.19,2026-01-09,Active
46874,19972,23,NRI,8935.09,2026-01-09,Active
53280,484,142,Current,18603.14,2026-01-09,Active
54327,36787,59,Savings,8544.88,2026-01-09,Active
57984,51873,67,Savings,113543.28,2026-01-09,Active
71298,52757,24,Savings,134897.53,2026-01-09,Active
87385,17552,135,Current,6861.79,2026-01-09,Active
93835,44438,119,Salary,3788.95,2026-01-09,Active
7799,52562,79,Savings,3259.74,2026-01-10,Active
34386,39808,62,Savings,13237.04,2026-01-10,Active
44252,44430,133,Savings,32342.27,2026-01-10,Active
49752,38758,72,Savings,135782.61,2026-01-10,Closed
59533,30735,45,Current,12945.64,2026-01-10,Active
64543,49242,84,Salary,9816.98,2026-01-10,Active
64696,3715,87,Savings,26173.02,2026-01-10,Active
65499,49251,50,Fixed Deposit,30755.84,2026-01-10,Dormant
66425,53653,58,Savings,61695.71,2026-01-10,Active
76177,22600,92,Savings,814.21,2026-01-10,Active
76541,37121,65,Savings,11771.65,2026-01-10,Active
77100,28931,2,Savings,40317.09,2026-01-10,Active
84959,7284,119,Savings,5335.45,2026-01-10,Active
87982,38659,13,NRI,58033.62,2026-01-10,Active
93544,24890,5,Current,51922.21,2026-01-10,Active
15225,18501,85,Salary,16741.49,2026-01-11,Closed
63351,50981,64,Savings,31804.38,2026-01-11,Active
65779,41430,143,Savings,694.6,2026-01-11,Active
78567,46059,63,NRI,819.6,2026-01-11,Active
87732,10525,60,Savings,49911.12,2026-01-11,Active
94325,22050,8,Savings,41030.74,2026-01-11,Active
3400,52912,50,Current,17179.68,2026-01-12,Active
20711,24884,80,Savings,24972.4,2026-01-12,Active
31387,19438,108,Savings,20496.62,2026-01-12,Dormant
37122,1013,36,Savings,16982.9,2026-01-12,Active
41692,28493,89,NRI,72330.59,2026-01-12,Active
42349,41615,115,Current,21862.21,2026-01-12,Active
53685,1304,127,Salary,13430.98,2026-01-12,Active
56038,18130,109,Savings,3260,2026-01-12,Closed
64883,30623,141,Savings,68122.36,2026-01-12,Dormant
72584,54502,150,Savings,611.1,2026-01-12,Active
77379,23918,76,Salary,12065.61,2026-01-12,Active
84017,26300,62,Salary,16466.82,2026-01-12,Active
10854,58817,2,Savings,17590.1,2026-01-13,Dormant
11293,19171,110,Savings,11665.11,2026-01-13,Active
12181,55761,46,Savings,41364.34,2026-01-13,Active
30685,59996,34,Savings,20561.33,2026-01-13,Closed
34317,5376,83,Savings,6658.59,2026-01-13,Active
40354,44830,145,Salary,36542.15,2026-01-13,Active
44281,16611,138,Salary,75378.47,2026-01-13,Active
63578,24050,116,Savings,10577.49,2026-01-13,Active
73352,36925,63,Savings,141901.61,2026-01-13,Active
85262,13038,131,Savings,60218.2,2026-01-13,Active
1426,37224,64,Savings,39166.62,2026-01-14,Active
22901,21183,77,Savings,5237.46,2026-01-14,Active
26029,26214,57,Savings,22586.48,2026-01-14,Active
27521,2765,52,Savings,27501.02,2026-01-14,Active
45642,44000,106,Savings,25131.57,2026-01-14,Active
47066,42498,16,Current,41505.17,2026-01-14,Dormant
48501,54570,62,Savings,142866.51,2026-01-14,Dormant
52341,4230,75,Savings,15816.63,2026-01-14,Active
80646,2811,12,Savings,28063.05,2026-01-14,Active
86096,18637,88,Savings,71191.85,2026-01-14,Active
94895,11782,148,Savings,25961.33,2026-01-14,Active
4066,30466,81,Savings,22914.4,2026-01-15,Active
11808,44747,42,Savings,1292.66,2026-01-15,Dormant
13618,58203,63,Salary,161791.92,2026-01-15,Dormant
18882,29388,149,Salary,2697.63,2026-01-15,Active
23842,19754,87,Savings,35315.2,2026-01-15,Active
24814,8103,65,Current,139892.43,2026-01-15,Active
31895,526,107,Savings,94694.35,2026-01-15,Active
33112,17972,106,Current,16216.37,2026-01-15,Active
42881,11589,85,Current,43757.75,2026-01-15,Active
51723,1659,49,Fixed Deposit,6401.24,2026-01-15,Active
67092,51399,140,Savings,4179.76,2026-01-15,Dormant
68874,31047,117,Savings,42452.16,2026-01-15,Active
70031,29481,94,Savings,37211.17,2026-01-15,Active
73018,32405,123,Current,8837.24,2026-01-15,Active
75877,9956,123,Salary,34325.24,2026-01-15,Active
78929,28209,64,Current,77154.43,2026-01-15,Active
83053,2341,130,Savings,51107.45,2026-01-15,Active
84866,58173,98,Fixed Deposit,105897.45,2026-01-15,Active
90437,15430,105,Current,61063.85,2026-01-15,Active
91368,27029,90,Savings,60312.33,2026-01-15,Active
6654,47983,95,Savings,171183.38,2026-01-16,Closed
19799,11952,115,Fixed Deposit,77205.68,2026-01-16,Active
20713,4971,17,Savings,57462.99,2026-01-16,Active
27421,12958,58,Salary,89824.08,2026-01-16,Active
31993,35308,112,Salary,6866.15,2026-01-16,Active
33638,44847,28,NRI,38948.19,2026-01-16,Active
40472,52458,42,Current,10442.27,2026-01-16,Active
43598,44165,60,Savings,4943.55,2026-01-16,Dormant
46361,30155,52,Savings,15911.54,2026-01-16,Active
63660,40451,117,Savings,13833.7,2026-01-16,Active
71753,41125,29,Current,56600.92,2026-01-16,Active
73204,21915,26,Current,13163.56,2026-01-16,Active
87946,35781,28,Salary,49772.59,2026-01-16,Dormant
90067,18410,117,Fixed Deposit,11143.77,2026-01-16,Active
91520,918,99,Savings,4843.33,2026-01-16,Closed
1046,28281,82,Savings,10669.47,2026-01-17,Active
7075,40034,120,Current,6240.93,2026-01-17,Closed
19152,38576,3,Savings,78916.28,2026-01-17,Dormant
34431,52164,27,Savings,174576.03,2026-01-17,Active
43016,59014,44,Savings,60489.58,2026-01-17,Active
45729,3917,47,Savings,32446.59,2026-01-17,Active
46008,59447,139,Salary,30685.24,2026-01-17,Active
48761,8577,95,Savings,141275.16,2026-01-17,Dormant
49556,20381,72,Savings,115027.82,2026-01-17,Active
60219,41344,117,Salary,26378.9,2026-01-17,Active
71768,53746,33,Savings,58520.85,2026-01-17,Closed
73353,17172,79,Salary,45327.75,2026-01-17,Active
88033,31971,118,Salary,91702.39,2026-01-17,Active
92298,26424,41,Savings,21284.26,2026-01-17,Active
6949,7821,129,Savings,3260.92,2026-01-18,Active
18637,36168,140,Salary,40786.82,2026-01-18,Closed
19791,28988,108,Savings,100068.69,2026-01-18,Active
21047,12045,35,Current,40730.68,2026-01-18,Active
28616,57565,79,Savings,34043.77,2026-01-18,Active
30637,31892,130,Savings,1327.41,2026-01-18,Closed
39663,36274,109,Current,98665.68,2026-01-18,Active
45027,36547,70,Savings,172409.78,2026-01-18,Active
46363,25375,150,Savings,59698.26,2026-01-18,Active
52820,13076,9,Savings,33504.84,2026-01-18,Active
67222,24408,46,Salary,189063.89,2026-01-18,Active
72833,58064,69,Savings,73554.95,2026-01-18,Active
73243,14049,134,Savings,10281.17,2026-01-18,Active
80747,30355,110,Savings,9678,2026-01-18,Active
84735,7852,130,Current,12300.62,2026-01-18,Active
2853,55084,147,Current,104888.94,2026-01-19,Active
7526,17008,19,Savings,61669.13,2026-01-19,Active
11881,52829,48,Salary,11385.11,2026-01-19,Active
13175,30193,86,Fixed Deposit,6139.87,2026-01-19,Active
23958,10033,53,Savings,4029.14,2026-01-19,Active
35304,4212,63,Salary,9030.18,2026-01-19,Active
38802,59593,108,Salary,30496.5,2026-01-19,Dormant
40004,39836,111,Savings,2883.5,2026-01-19,Active
44317,4925,27,Current,1157.79,2026-01-19,Active
65605,18340,27,Savings,65279.36,2026-01-19,Active
80710,32496,104,Savings,142909.44,2026-01-19,Dormant
85045,26570,92,Fixed Deposit,28573.67,2026-01-19,Active
93520,49108,88,Salary,62950.67,2026-01-19,Closed
5858,56136,7,Savings,9088.55,2026-01-20,Dormant
13078,29421,102,Savings,8407.38,2026-01-20,Active
23981,55464,14,Salary,23767.14,2026-01-20,Active
25148,52884,64,Savings,14385.55,2026-01-20,Active
27735,5430,144,Savings,3376.98,2026-01-20,Active
51628,37727,51,Current,19147.13,2026-01-20,Active
52544,19964,118,Savings,11238.34,2026-01-20,Active
58791,40451,52,Savings,16170.32,2026-01-20,Active
69650,16414,104,Current,1939.17,2026-01-20,Dormant
70635,9738,16,Current,102944.76,2026-01-20,Active
22601,864,14,Savings,13797.78,2026-01-21,Active
31565,43030,16,Salary,24280.76,2026-01-21,Active
35344,11904,16,Salary,27706.48,2026-01-21,Active
36553,44976,124,Current,39655.83,2026-01-21,Active
44403,15519,77,Current,14799.52,2026-01-21,Active
48720,29960,149,NRI,186822.44,2026-01-21,Active
52837,50370,92,Salary,24838.85,2026-01-21,Active
53383,47011,69,Savings,8704.32,2026-01-21,Active
54030,8723,31,Savings,7279.48,2026-01-21,Active
59310,18040,74,Salary,1564.58,2026-01-21,Active
62887,14149,98,Current,32724.14,2026-01-21,Active
69991,8293,112,Savings,77145.43,2026-01-21,Active
90423,56865,137,Salary,31748.59,2026-01-21,Active
25448,52213,105,Savings,10493.46,2026-01-22,Active
25725,17786,32,Savings,33995.41,2026-01-22,Active
26751,40598,60,Savings,4885.84,2026-01-22,Dormant
27106,30722,90,Salary,8795.56,2026-01-22,Active
39825,33464,39,Savings,37854.8,2026-01-22,Active
58817,46022,41,Fixed Deposit,3842.44,2026-01-22,Active
68511,45948,99,Savings,59494.76,2026-01-22,Active
81934,49593,15,Savings,22908.84,2026-01-22,Active
85117,43089,140,Current,155612.49,2026-01-22,Closed
93182,39248,54,Savings,32354.91,2026-01-22,Active
1962,38033,53,Savings,14684.43,2026-01-23,Dormant
5503,26657,31,Savings,50959.56,2026-01-23,Active
8052,16773,114,Savings,106955.59,2026-01-23,Active
11849,33193,68,Fixed Deposit,58165.78,2026-01-23,Active
12396,14156,77,Salary,4841.35,2026-01-23,Active
24393,44842,16,Current,7664.39,2026-01-23,Active
29276,10422,94,Current,24804.14,2026-01-23,Active
47834,30141,2,Savings,130746.61,2026-01-23,Active
51818,14187,47,Current,114723.36,2026-01-23,Dormant
55597,59581,142,Salary,9169.02,2026-01-23,Active
78221,55241,57,Current,57453.77,2026-01-23,Dormant
88518,19265,27,Fixed Deposit,16380.18,2026-01-23,Active
7218,33054,105,Savings,2130.61,2026-01-24,Active
9779,51655,17,Current,22885.31,2026-01-24,Active
12284,11016,12,Savings,21467.5,2026-01-24,Active
18884,42276,111,Savings,45204.6,2026-01-24,Active
20599,11326,43,Savings,9790.42,2026-01-24,Active
30151,29369,54,Savings,22254.28,2026-01-24,Active
34588,56726,71,Savings,60056.97,2026-01-24,Active
37477,31112,37,Savings,12976.24,2026-01-24,Active
40621,38257,125,Current,32529.34,2026-01-24,Active
47043,39617,4,NRI,51301.79,2026-01-24,Active
47100,28536,90,Salary,109512.81,2026-01-24,Dormant
47327,37876,36,Savings,86388.59,2026-01-24,Active
53784,5860,22,Current,53051.07,2026-01-24,Active
80539,44113,121,Savings,5534.56,2026-01-24,Active
81011,33124,84,Savings,112995.48,2026-01-24,Active
4863,18849,133,Current,23529.4,2026-01-25,Dormant
4920,27215,104,Savings,12476.39,2026-01-25,Active
7977,22485,10,Savings,8755.57,2026-01-25,Active
11162,14317,143,Savings,70280.33,2026-01-25,Active
16489,33452,66,Savings,14047.33,2026-01-25,Active
18487,33540,11,Fixed Deposit,9880.43,2026-01-25,Active
40039,30855,52,Savings,86774.4,2026-01-25,Closed
40716,24042,142,NRI,16098.41,2026-01-25,Active
41512,1665,98,Savings,39762.12,2026-01-25,Active
47302,14308,73,Salary,13137.7,2026-01-25,Active
47823,34557,28,Fixed Deposit,43836.37,2026-01-25,Closed
49884,9250,114,Salary,5777.05,2026-01-25,Active
51807,24949,51,Savings,27743.38,2026-01-25,Active
54286,53273,37,Savings,20043.95,2026-01-25,Active
54996,11677,110,Savings,46355.67,2026-01-25,Closed
59898,52264,87,Current,2105.78,2026-01-25,Active
66048,55173,42,Savings,20556.86,2026-01-25,Dormant
74611,32076,62,NRI,38458.95,2026-01-25,Active
2169,51721,107,Current,56154.83,2026-01-26,Active
6350,21957,95,Savings,24121.38,2026-01-26,Active
16093,48844,43,Salary,39339.11,2026-01-26,Active
19487,29110,81,Savings,98377.07,2026-01-26,Active
28050,15810,126,Savings,1121.13,2026-01-26,Active
44577,37707,123,Current,76925.51,2026-01-26,Active
73139,44850,150,Fixed Deposit,3629.08,2026-01-26,Active
15222,12055,66,Savings,7438.41,2026-01-27,Closed
20714,18514,53,Savings,69831.86,2026-01-27,Active
27499,30080,75,Savings,49785.64,2026-01-27,Active
31656,32842,6,Savings,107020.33,2026-01-27,Dormant
34693,28842,150,Fixed Deposit,51946.28,2026-01-27,Active
39858,50120,94,NRI,28583.09,2026-01-27,Active
54558,58364,109,Savings,15466.99,2026-01-27,Dormant
77539,37262,11,Savings,312188.86,2026-01-27,Active
78297,33251,134,Salary,66443.19,2026-01-27,Active
84297,54547,97,Savings,34060.71,2026-01-27,Active
92707,55912,129,Savings,60575.58,2026-01-27,Active
4530,11351,105,Fixed Deposit,90758.97,2026-01-28,Dormant
9824,2828,100,Savings,14165.38,2026-01-28,Active
22603,38752,143,Savings,11194.27,2026-01-28,Active
25318,11261,52,Savings,17293.42,2026-01-28,Dormant
48863,5160,106,Savings,20338.49,2026-01-28,Active
52179,45198,3,Savings,12923.06,2026-01-28,Active
60026,19730,13,Savings,26560.76,2026-01-28,Active
60390,36443,71,Current,3862.31,2026-01-28,Dormant
67905,18673,97,Fixed Deposit,101284.66,2026-01-28,Active
75385,45346,96,Current,10977.83,2026-01-28,Active
76828,43897,118,Savings,89394.38,2026-01-28,Active
77213,57625,111,Fixed Deposit,68538.41,2026-01-28,Active
79985,26563,104,Savings,2572.81,2026-01-28,Active
81279,29951,97,Savings,42937.89,2026-01-28,Active
93264,56452,76,Savings,76337.07,2026-01-28,Closed
94122,11178,70,Savings,71750.44,2026-01-28,Active
8469,37517,128,Savings,11633.39,2026-01-29,Active
13773,58250,125,Savings,20353.24,2026-01-29,Dormant
15586,59188,30,Salary,41705.37,2026-01-29,Active
29162,54614,7,Fixed Deposit,1573.93,2026-01-29,Active
69163,39480,31,Savings,2523.74,2026-01-29,Active
71995,33439,6,Savings,19668.68,2026-01-29,Active
74355,35741,100,Current,660.99,2026-01-29,Active
76695,19709,44,Savings,102820.38,2026-01-29,Active
77584,58654,125,Savings,59799.96,2026-01-29,Active
86266,57241,117,Savings,50482.36,2026-01-29,Active
88875,15300,8,Savings,165422.07,2026-01-29,Active
94363,49344,96,Fixed Deposit,100104.61,2026-01-29,Active
25020,50042,84,Salary,59248.01,2026-01-30,Active
27795,50910,15,Savings,174435.73,2026-01-30,Active
31745,36281,128,NRI,82991.71,2026-01-30,Active
33594,58904,64,Savings,8990.41,2026-01-30,Active
50325,20985,123,Fixed Deposit,13382.69,2026-01-30,Active
87059,33535,130,Savings,7441.89,2026-01-30,Active
4124,1978,148,Savings,7559.08,2026-01-31,Active
10535,51168,83,Current,74247.51,2026-01-31,Active
13358,19986,125,Savings,21378.03,2026-01-31,Active
17673,7488,7,Current,4217.13,2026-01-31,Dormant
36051,30932,119,Savings,13167.77,2026-01-31,Active
37801,1889,87,Savings,18018.27,2026-01-31,Active
38333,4460,32,Salary,74198.48,2026-01-31,Active
57625,42050,106,Salary,83901.48,2026-01-31,Active
83527,29363,132,Savings,26208.85,2026-01-31,Active
87943,27443,83,Savings,38516.14,2026-01-31,Active
1657,35836,57,Salary,19577.71,2026-02-01,Active
6396,17896,118,Savings,14596.19,2026-02-01,Active
11369,38797,48,Savings,20488.57,2026-02-01,Active
26908,59206,60,Savings,8678.24,2026-02-01,Active
28769,28380,17,Current,13792.4,2026-02-01,Active
33805,20861,65,Fixed Deposit,60379.97,2026-02-01,Dormant
36954,518,105,Savings,140440.95,2026-02-01,Active
40536,11605,28,Fixed Deposit,60387.68,2026-02-01,Closed
54244,18317,94,Savings,58521.94,2026-02-01,Closed
64260,56622,44,Savings,4538.97,2026-02-01,Active
70853,36881,150,Savings,14202.42,2026-02-01,Active
74882,46337,94,Savings,8892.51,2026-02-01,Active
87145,19774,137,Savings,159495.19,2026-02-01,Active
17641,52583,23,Current,49066.01,2026-02-02,Active
29466,55895,8,Current,25678.12,2026-02-02,Active
32984,15442,98,Current,31870.75,2026-02-02,Active
42946,14358,150,Savings,8535.8,2026-02-02,Active
43635,18063,1,Fixed Deposit,23489.08,2026-02-02,Active
45326,21040,132,Current,79617.52,2026-02-02,Active
67182,19425,22,Savings,25256.3,2026-02-02,Active
78859,48095,126,Fixed Deposit,4608.17,2026-02-02,Active
2,47716,43,Current,13261.61,2026-02-03,Active
9455,5242,138,Savings,111173.74,2026-02-03,Active
31172,19862,106,Savings,27824,2026-02-03,Active
32517,5721,111,Current,7694.08,2026-02-03,Closed
38735,6613,77,Salary,48841.48,2026-02-03,Active
42184,19501,125,Fixed Deposit,31052.53,2026-02-03,Active
46808,16962,10,Current,24765.95,2026-02-03,Active
53544,45037,24,Fixed Deposit,18139.14,2026-02-03,Active
71492,9245,144,Current,17906.72,2026-02-03,Active
83296,14468,32,Current,72086.37,2026-02-03,Dormant
91362,26457,14,Salary,59433.86,2026-02-03,Active
1612,34187,142,Savings,220583.31,2026-02-04,Dormant
4415,41491,14,Salary,78802.67,2026-02-04,Active
13460,47674,89,Salary,120655.75,2026-02-04,Active
27207,6143,74,Current,79459.94,2026-02-04,Active
28397,7188,107,Fixed Deposit,113258.03,2026-02-04,Active
35021,18882,48,Current,56449.3,2026-02-04,Active
40878,12228,45,Savings,19635.21,2026-02-04,Active
47489,58403,137,Savings,58192.16,2026-02-04,Closed
56934,6376,6,Savings,13579.08,2026-02-04,Active
82107,56779,63,Current,29850.07,2026-02-04,Active
84228,52146,70,Savings,17939.65,2026-02-04,Active
86694,6041,34,Savings,58922.6,2026-02-04,Active
92146,1907,56,Savings,52819.26,2026-02-04,Active
5631,31773,110,Savings,164048.7,2026-02-05,Active
6558,41032,105,Savings,10653.66,2026-02-05,Active
12090,46553,84,Savings,24122.64,2026-02-05,Active
19888,42706,131,Savings,2501.4,2026-02-05,Dormant
45258,15936,113,Savings,34122.47,2026-02-05,Active
61626,31678,8,Savings,47879.08,2026-02-05,Active
67312,25478,120,Savings,17015.43,2026-02-05,Active
69928,23119,6,Fixed Deposit,36529.43,2026-02-05,Closed
87260,39604,116,Savings,100410.95,2026-02-05,Active
89498,55517,26,Fixed Deposit,48651.83,2026-02-05,Active
4447,27125,90,Savings,23761.96,2026-02-06,Active
7621,12764,62,Savings,60747.08,2026-02-06,Active
8475,33193,9,Savings,10259.31,2026-02-06,Active
9240,40665,16,Salary,33161.56,2026-02-06,Active
9780,33053,133,Salary,5729.55,2026-02-06,Active
18501,14850,33,Savings,43697.71,2026-02-06,Active
20867,24840,128,Salary,52745.28,2026-02-06,Active
21401,37840,62,Fixed Deposit,73727.14,2026-02-06,Closed
37201,40616,138,Salary,106580.94,2026-02-06,Active
41086,29737,90,Current,8537.27,2026-02-06,Active
56731,26277,34,Savings,17568.12,2026-02-06,Active
66484,438,9,Savings,57172.99,2026-02-06,Active
75617,42009,147,Savings,51381.88,2026-02-06,Active
87528,41740,69,Savings,53860.28,2026-02-06,Active
12222,23030,35,NRI,12293.81,2026-02-07,Active
16167,21001,47,Salary,3315.28,2026-02-07,Active
18594,43394,41,Salary,109280.67,2026-02-07,Active
71983,49194,128,Current,45287.7,2026-02-07,Active
73619,51834,75,Savings,28663.32,2026-02-07,Active
74533,53397,60,Savings,48918.56,2026-02-07,Active
82662,56324,2,Savings,92627.68,2026-02-07,Active
88977,11395,125,Savings,51893.01,2026-02-07,Dormant
91773,54046,126,Salary,14056.64,2026-02-07,Active
92947,47691,17,Salary,17877.52,2026-02-07,Active
6045,22109,123,Fixed Deposit,2534.09,2026-02-08,Active
13843,3982,139,Savings,38431.5,2026-02-08,Active
14501,59571,148,Savings,103526.53,2026-02-08,Active
39926,49586,69,Savings,1721.26,2026-02-08,Active
70385,51499,131,Savings,49174.41,2026-02-08,Active
80706,51375,59,Fixed Deposit,71812.4,2026-02-08,Active
82326,16323,14,Savings,80165.87,2026-02-08,Active
86070,6187,1,Salary,6194.49,2026-02-08,Active
90403,32548,112,Savings,35405.06,2026-02-08,Active
6972,30363,91,Salary,22189.52,2026-02-09,Active
28901,39482,147,Current,40197.54,2026-02-09,Active
33098,23672,134,Savings,5959.45,2026-02-09,Active
40749,5702,65,Savings,8795.11,2026-02-09,Active
41317,49431,78,Current,122772.37,2026-02-09,Active
41914,45435,136,Savings,30428.08,2026-02-09,Active
47279,1337,129,Current,8043,2026-02-09,Active
51320,17672,68,Savings,44681.52,2026-02-09,Dormant
60533,15782,103,NRI,68264.9,2026-02-09,Dormant
64919,29807,53,Savings,49736.96,2026-02-09,Active
70754,6839,69,Savings,2373.09,2026-02-09,Active
71087,56194,137,Current,5968.91,2026-02-09,Active
77285,49063,35,Current,312438.12,2026-02-09,Active
92175,41278,38,Fixed Deposit,8898.25,2026-02-09,Active
588,30175,6,Savings,28021.31,2026-02-10,Dormant
24525,3459,129,Savings,11537.39,2026-02-10,Active
29085,40529,148,Savings,25650.83,2026-02-10,Active
36815,52685,7,Savings,13388.88,2026-02-10,Active
52355,48199,41,Salary,16736.98,2026-02-10,Closed
53339,26855,39,Salary,39876.8,2026-02-10,Active
53495,30322,80,Fixed Deposit,36996.36,2026-02-10,Active
54185,51832,49,Current,22108.49,2026-02-10,Active
56567,3061,82,Savings,36402.54,2026-02-10,Dormant
60614,23328,66,Savings,6449.77,2026-02-10,Active
84635,32010,112,Fixed Deposit,78877.8,2026-02-10,Active
86284,39681,88,Savings,25651.97,2026-02-10,Dormant
86660,9686,27,Savings,20289.59,2026-02-10,Active
88679,9682,128,NRI,122074.68,2026-02-10,Active
91152,35704,51,Current,529.29,2026-02-10,Active
1144,32900,20,Salary,99019.86,2026-02-11,Dormant
3626,51880,79,Savings,42886.07,2026-02-11,Active
8755,42892,133,Savings,33287.93,2026-02-11,Active
9858,48706,85,Current,31579.65,2026-02-11,Active
20577,51991,88,Savings,48693.07,2026-02-11,Active
34326,37197,147,Fixed Deposit,40718.5,2026-02-11,Active
38026,47565,92,Current,7813.05,2026-02-11,Dormant
42295,37152,83,Savings,31574.76,2026-02-11,Dormant
42368,36909,29,Savings,117272.23,2026-02-11,Active
59803,11512,91,Current,11819.16,2026-02-11,Active
61130,5171,98,Savings,14752.91,2026-02-11,Dormant
70456,39706,93,Savings,9263.76,2026-02-11,Closed
76414,4488,17,Salary,109122.86,2026-02-11,Dormant
82341,11574,22,Savings,34947.09,2026-02-11,Active
5037,58556,41,Savings,41528.35,2026-02-12,Active
8250,17721,89,Savings,33621.17,2026-02-12,Active
12175,22480,4,Current,5168.45,2026-02-12,Dormant
17506,18381,115,Current,31385.44,2026-02-12,Active
17567,48777,75,Savings,8975.99,2026-02-12,Dormant
17701,20350,113,Savings,45078.62,2026-02-12,Active
19476,31549,84,Savings,120225.09,2026-02-12,Active
40378,19051,147,Savings,20110.56,2026-02-12,Active
44054,41464,83,Savings,147436.59,2026-02-12,Closed
51069,7030,60,Salary,26787.07,2026-02-12,Dormant
57220,10531,27,Savings,36492.46,2026-02-12,Active
59722,26247,95,Current,10777.96,2026-02-12,Active
79382,26256,28,Current,75212.43,2026-02-12,Active
85491,54078,61,Current,43153.69,2026-02-12,Dormant
88895,43200,43,Fixed Deposit,115434.6,2026-02-12,Active
89885,42730,133,Savings,37329.69,2026-02-12,Active
1858,50107,134,Salary,1633.9,2026-02-13,Active
12081,14740,26,Salary,27925.92,2026-02-13,Active
27576,2699,37,NRI,67341.04,2026-02-13,Active
38353,34058,52,Current,69321.75,2026-02-13,Active
56446,6095,85,NRI,69606.83,2026-02-13,Active
66015,8918,98,Savings,23594.85,2026-02-13,Active
81524,53447,118,Current,11501.3,2026-02-13,Active
87498,9442,147,Savings,21024.78,2026-02-13,Active
3663,53594,50,Savings,33306.43,2026-02-14,Active
13352,198,98,Current,47144.62,2026-02-14,Active
18179,5893,49,Salary,28261.07,2026-02-14,Active
18723,5159,41,Current,52374.59,2026-02-14,Active
51174,18805,76,Savings,6248.27,2026-02-14,Active
62334,4710,65,Current,20257.01,2026-02-14,Dormant
65066,19103,48,Fixed Deposit,78402.05,2026-02-14,Dormant
69750,58676,47,Salary,23459.47,2026-02-14,Active
73274,28068,106,Savings,75775.9,2026-02-14,Closed
76586,40634,21,Savings,3415.63,2026-02-14,Active
84088,43213,135,Savings,16909.71,2026-02-14,Dormant
90433,39380,148,Savings,1949.93,2026-02-14,Dormant
93016,58490,47,Savings,38223,2026-02-14,Active
220,2480,48,Savings,25246.58,2026-02-15,Active
15829,8457,89,Current,66615.81,2026-02-15,Active
20646,4278,120,Salary,8508.74,2026-02-15,Closed
46098,28278,45,Salary,73683.07,2026-02-15,Active
52659,42745,116,Current,29705.05,2026-02-15,Active
59206,56857,60,Savings,41454.67,2026-02-15,Active
64996,26670,25,Savings,7536.97,2026-02-15,Active
67145,20812,24,Current,59872.11,2026-02-15,Active
78273,29076,109,Savings,341532.19,2026-02-15,Dormant
84373,51193,108,Savings,14436.93,2026-02-15,Dormant
89975,43014,120,Savings,26796.49,2026-02-15,Active
91029,20926,137,Current,8241.25,2026-02-15,Active
10556,34428,97,Savings,118996.98,2026-02-16,Active
29202,23912,72,Savings,54491.01,2026-02-16,Active
55338,36061,85,Savings,35792.24,2026-02-16,Active
66175,46480,63,Savings,19794.06,2026-02-16,Active
68648,14116,126,Savings,28540.11,2026-02-16,Active
71223,32787,61,Current,4842.28,2026-02-16,Closed
89736,37456,98,Savings,30490.43,2026-02-16,Active
89882,53569,43,Current,58448.42,2026-02-16,Closed
90303,16493,61,Savings,47310.61,2026-02-16,Active
11233,58110,40,Savings,72652.12,2026-02-17,Active
20191,43158,79,Fixed Deposit,10174.12,2026-02-17,Active
27040,30877,102,Salary,50190.4,2026-02-17,Dormant
30206,54589,45,Savings,30358.73,2026-02-17,Dormant
39414,17136,18,Savings,42638.08,2026-02-17,Active
46235,24630,149,Savings,13394.82,2026-02-17,Active
62022,8841,3,Current,67501.11,2026-02-17,Active
70194,58267,98,Savings,107369.94,2026-02-17,Active
71107,26460,73,Savings,15172.94,2026-02-17,Active
74659,34662,117,Current,109231.17,2026-02-17,Active
81634,36374,103,Current,1887.36,2026-02-17,Active
84180,12323,34,Fixed Deposit,45258.66,2026-02-17,Active
1344,3794,82,Savings,4188.35,2026-02-18,Active
1434,46261,91,Current,41664.83,2026-02-18,Active
5132,7481,137,NRI,10412.89,2026-02-18,Active
21910,36300,126,Savings,27310.51,2026-02-18,Active
27810,25399,27,Fixed Deposit,119674.3,2026-02-18,Active
28833,9112,32,Savings,147833.17,2026-02-18,Active
38636,37393,150,Current,99478.66,2026-02-18,Active
40135,2400,57,Fixed Deposit,39082.78,2026-02-18,Active
54640,15404,134,Fixed Deposit,89913.67,2026-02-18,Active
62391,34437,30,Savings,70269.44,2026-02-18,Dormant
71140,2147,136,Salary,142444.68,2026-02-18,Active
73611,59401,92,Savings,30982.42,2026-02-18,Active
76140,34726,64,Savings,13359.53,2026-02-18,Active
5301,36147,24,Savings,20232.79,2026-02-19,Active
20816,22291,40,Savings,71949.97,2026-02-19,Active
24191,41673,123,Savings,37253.01,2026-02-19,Active
28678,957,103,Fixed Deposit,16431.27,2026-02-19,Active
31897,17749,27,Savings,26416.95,2026-02-19,Active
47568,59867,100,Savings,13640.67,2026-02-19,Active
61952,44696,112,Salary,16836.26,2026-02-19,Active
64470,17702,113,Fixed Deposit,174344.81,2026-02-19,Active
66599,14746,105,Savings,9011.3,2026-02-19,Active
68054,5403,146,Savings,40634.86,2026-02-19,Active
74908,30458,73,Salary,722.1,2026-02-19,Active
76880,54665,138,Savings,100871.09,2026-02-19,Active
94980,20309,131,Salary,13743.08,2026-02-19,Active
275,23462,23,Savings,33312.98,2026-02-20,Active
7990,21701,50,Savings,40223.31,2026-02-20,Active
9411,18939,43,NRI,16467.26,2026-02-20,Closed
15823,20518,32,NRI,67903.91,2026-02-20,Active
22411,2037,26,Salary,48635.69,2026-02-20,Active
23490,49373,132,Savings,30517.77,2026-02-20,Active
23611,29925,8,Savings,63639.69,2026-02-20,Active
29463,35288,76,Current,20346.34,2026-02-20,Active
47903,22024,2,Salary,31981.48,2026-02-20,Active
70924,21330,39,Salary,13442.97,2026-02-20,Active
78174,50813,112,Salary,24842.61,2026-02-20,Active
78963,43550,36,Fixed Deposit,28800.64,2026-02-20,Active
11464,7618,130,Savings,4716.68,2026-02-21,Active
25333,39323,91,Savings,30002.17,2026-02-21,Active
33612,19681,25,Savings,37092.87,2026-02-21,Active
41253,16647,118,Fixed Deposit,297905.67,2026-02-21,Active
43302,55433,50,Savings,26741.03,2026-02-21,Dormant
49146,52641,80,Savings,23693.92,2026-02-21,Active
53593,38561,4,Salary,18061.74,2026-02-21,Active
61351,6512,132,Salary,39264.35,2026-02-21,Active
63563,35443,51,Fixed Deposit,9350.44,2026-02-21,Dormant
67197,52562,133,Savings,85292.6,2026-02-21,Active
70989,52240,59,Savings,84820.76,2026-02-21,Active
83008,16030,107,Savings,18716.79,2026-02-21,Dormant
86221,52757,56,Savings,73470.74,2026-02-21,Dormant
91046,58688,22,Salary,10986.2,2026-02-21,Active
21796,29781,82,Savings,67118.07,2026-02-22,Active
22955,3054,102,Fixed Deposit,21151.74,2026-02-22,Active
47232,37866,6,Savings,60087.36,2026-02-22,Active
61785,53336,83,Savings,34994.28,2026-02-22,Active
77588,913,41,Salary,7269.82,2026-02-22,Active
82353,11661,15,Current,24898.55,2026-02-22,Closed
82893,18916,68,NRI,609.77,2026-02-22,Active
3699,50821,134,NRI,86674.77,2026-02-23,Active
16585,1842,34,Current,6802.89,2026-02-23,Active
21631,28858,39,Fixed Deposit,16158.12,2026-02-23,Active
27015,52026,24,Savings,2478.17,2026-02-23,Active
28778,11507,79,Savings,71032.36,2026-02-23,Dormant
34282,19135,2,Savings,102348.01,2026-02-23,Active
35550,57259,55,Savings,62734.49,2026-02-23,Active
37099,1108,85,Savings,75505.25,2026-02-23,Active
42299,1601,40,NRI,715.99,2026-02-23,Active
55603,56132,142,Savings,36260.79,2026-02-23,Active
56266,35264,27,Fixed Deposit,69949.93,2026-02-23,Active
68883,30662,133,NRI,11103.3,2026-02-23,Active
74781,166,141,Savings,17426.28,2026-02-23,Active
76847,20168,24,Savings,34726.85,2026-02-23,Active
14600,57354,147,Savings,14793.93,2026-02-24,Active
18007,49372,35,Savings,20158.57,2026-02-24,Active
27409,59787,138,Current,61264.15,2026-02-24,Active
33775,40830,51,Fixed Deposit,13240.08,2026-02-24,Active
40976,1590,36,Savings,3775.38,2026-02-24,Active
42335,48721,80,Savings,75862.12,2026-02-24,Active
53392,10480,45,Fixed Deposit,47986.82,2026-02-24,Active
69916,35175,19,Savings,44179.07,2026-02-24,Active
80583,58046,105,Savings,3939.28,2026-02-24,Active
92063,16067,68,Current,45921.39,2026-02-24,Active
9075,58593,44,Savings,84992.04,2026-02-25,Active
11179,38328,16,Fixed Deposit,4778.02,2026-02-25,Active
20104,7762,44,Savings,43988.66,2026-02-25,Active
38146,30132,76,Salary,5072.38,2026-02-25,Active
39591,53361,98,Savings,5782.17,2026-02-25,Active
55773,14519,39,Savings,79148.07,2026-02-25,Active
70506,25955,114,Savings,60108.08,2026-02-25,Active
15643,14904,18,Current,22297.06,2026-02-26,Active
16903,55268,30,Current,6355.53,2026-02-26,Active
24396,39634,24,Current,25533.8,2026-02-26,Active
47129,26039,59,Savings,64608.39,2026-02-26,Active
51985,52253,62,Savings,77055.94,2026-02-26,Active
58981,21563,58,Savings,71883.25,2026-02-26,Active
70113,57319,15,Current,6937.86,2026-02-26,Dormant
86981,52215,118,Savings,72551.3,2026-02-26,Active
3914,16324,143,Current,3941.94,2026-02-27,Active
25510,18557,58,Savings,76359.25,2026-02-27,Closed
27125,21376,62,Current,162457.13,2026-02-27,Active
35548,9256,42,Savings,4254.12,2026-02-27,Active
42402,49845,104,Savings,66501.72,2026-02-27,Active
47374,13875,42,Salary,74374.68,2026-02-27,Active
51110,20540,29,Savings,22973.06,2026-02-27,Active
77873,35098,20,Current,71376.72,2026-02-27,Active
79351,30257,3,Fixed Deposit,15189.02,2026-02-27,Active
92355,38238,41,Salary,29816.15,2026-02-27,Active
5874,15978,59,Savings,6374.56,2026-02-28,Closed
13112,16208,145,Savings,33875.1,2026-02-28,Active
16839,30728,35,Current,1562.34,2026-02-28,Active
48304,4702,58,Savings,10993.22,2026-02-28,Dormant
59649,37158,131,Salary,112682.65,2026-02-28,Active
89566,32484,10,Current,2060.92,2026-02-28,Active
92472,30377,124,Savings,9840.71,2026-02-28,Active
15986,41591,41,Savings,1842.84,2026-03-01,Active
26882,1887,76,Savings,6264.47,2026-03-01,Active
28585,1905,73,Fixed Deposit,20320.74,2026-03-01,Active
30029,30904,75,Salary,13495.85,2026-03-01,Active
37878,3030,72,Savings,34704.13,2026-03-01,Active
45761,14069,2,Fixed Deposit,66609.03,2026-03-01,Active
59271,7362,134,Savings,64137.92,2026-03-01,Active
60385,8538,117,Current,826.8,2026-03-01,Active
72987,13217,59,Salary,22177.89,2026-03-01,Active
84728,12993,88,Current,40614.43,2026-03-01,Closed
85694,13963,150,Savings,16147.71,2026-03-01,Active
87627,52781,105,Fixed Deposit,11359.07,2026-03-01,Active
90892,28526,131,Savings,166671.6,2026-03-01,Active
93284,56583,106,NRI,46215.47,2026-03-01,Active
5933,58852,74,Savings,20380.25,2026-03-02,Closed
6585,58955,26,Savings,107196.62,2026-03-02,Active
7144,4209,51,Savings,109544.48,2026-03-02,Active
12564,44382,70,Salary,6252.24,2026-03-02,Active
13478,48931,60,Savings,66303.19,2026-03-02,Active
27134,9853,120,Savings,1643.83,2026-03-02,Active
30308,24484,21,Fixed Deposit,31562.57,2026-03-02,Active
33506,2008,8,Current,83132.29,2026-03-02,Dormant
39288,17122,128,Current,3874.06,2026-03-02,Active
61395,34578,40,Savings,45733.01,2026-03-02,Active
65324,40075,10,Current,71481.9,2026-03-02,Active
79556,42973,82,Savings,751.88,2026-03-02,Active
88906,48656,143,Savings,7118.33,2026-03-02,Active
7545,34495,34,Current,14541.76,2026-03-03,Active
7886,3509,73,Salary,21847.07,2026-03-03,Active
9777,16394,67,Current,11513.64,2026-03-03,Active
10328,46540,103,Savings,84700.55,2026-03-03,Active
10421,44024,120,Current,2880.65,2026-03-03,Active
11064,12696,70,Current,87681.75,2026-03-03,Active
15890,17584,86,Fixed Deposit,27369.31,2026-03-03,Active
22823,44604,114,Current,6761.77,2026-03-03,Active
25038,59836,132,Savings,195428.35,2026-03-03,Active
25901,31111,3,Salary,5738.15,2026-03-03,Dormant
26183,59935,125,Savings,157013.2,2026-03-03,Active
46153,45363,88,Savings,35591.55,2026-03-03,Active
49729,40628,35,Current,4834.05,2026-03-03,Active
64795,47207,141,Current,13360.68,2026-03-03,Dormant
67694,22358,24,Salary,69296.56,2026-03-03,Closed
68938,18897,43,Salary,3378.45,2026-03-03,Active
73998,19015,127,Current,3420.72,2026-03-03,Active
76486,41521,109,Savings,6093.67,2026-03-03,Active
80684,4441,105,Savings,42784.41,2026-03-03,Active
80973,40593,145,Savings,66279.65,2026-03-03,Active
90053,51238,140,Savings,8396.62,2026-03-03,Active
92999,34160,118,Savings,70274.28,2026-03-03,Active
4306,19473,20,NRI,15085.09,2026-03-04,Active
14028,173,84,Salary,11479.59,2026-03-04,Active
23063,44736,46,Savings,1988.69,2026-03-04,Active
24784,46943,145,Current,49853.59,2026-03-04,Active
73564,40272,61,Savings,55933.64,2026-03-04,Active
73639,28802,7,Savings,137446.92,2026-03-04,Active
78598,37927,125,NRI,24166.08,2026-03-04,Active
82370,4383,91,Savings,5236.22,2026-03-04,Active
86776,33738,55,Savings,12104.22,2026-03-04,Active
87289,57194,19,Current,69218.69,2026-03-04,Active
89257,14315,1,Savings,786.61,2026-03-04,Active
19817,21046,102,Current,36183.91,2026-03-05,Active
22993,8516,3,Salary,70430,2026-03-05,Closed
27497,25052,129,Current,34664.68,2026-03-05,Active
30219,56341,41,Current,13946.02,2026-03-05,Active
31121,17808,37,Salary,5329.24,2026-03-05,Dormant
33160,20291,137,Savings,10081.33,2026-03-05,Active
43466,35722,9,Savings,60291.45,2026-03-05,Active
73790,19083,59,Current,103021.45,2026-03-05,Active
77069,10645,106,Salary,36221.61,2026-03-05,Dormant
82017,11683,111,Salary,100551.42,2026-03-05,Active
34536,25679,68,Savings,24313.95,2026-03-06,Active
36979,23833,64,Savings,165366.1,2026-03-06,Active
58457,4701,141,Savings,39139.02,2026-03-06,Active
78519,29572,100,Savings,2684.57,2026-03-06,Active
80935,47291,93,Savings,97878.32,2026-03-06,Active
92872,6078,121,Savings,84912.8,2026-03-06,Active
2616,44228,21,Fixed Deposit,74106.75,2026-03-07,Active
9852,40245,62,Fixed Deposit,16049.23,2026-03-07,Active
15864,59891,51,Savings,28384.43,2026-03-07,Active
16223,49515,1,Savings,111452.94,2026-03-07,Active
23081,15881,130,Savings,92638.15,2026-03-07,Active
24255,18589,15,Current,66645.08,2026-03-07,Active
45150,51514,37,Savings,15396.42,2026-03-07,Active
45370,23826,84,Savings,69095.56,2026-03-07,Active
51262,52024,94,Savings,181909.58,2026-03-07,Active
62802,52643,56,Savings,82432.07,2026-03-07,Active
63288,564,85,Current,21401.45,2026-03-07,Active
70546,95,71,Current,6795.21,2026-03-07,Closed
83980,41868,18,Current,44676.71,2026-03-07,Active
86731,9757,121,Savings,33282.15,2026-03-07,Active
90631,48193,2,NRI,63822.12,2026-03-07,Closed
1742,57496,54,Savings,19223.05,2026-03-08,Dormant
9769,6146,109,Savings,37205.29,2026-03-08,Active
11949,4164,59,Current,24413.88,2026-03-08,Active
29896,56120,20,Salary,20781.73,2026-03-08,Active
32737,41504,63,Fixed Deposit,5124.4,2026-03-08,Active
37927,10124,118,Current,37598.22,2026-03-08,Active
39224,1400,1,Fixed Deposit,13871.49,2026-03-08,Active
51057,57454,71,Current,32397.63,2026-03-08,Active
68126,32708,71,Current,50943.75,2026-03-08,Active
77585,14910,37,Savings,23592.86,2026-03-08,Active
82079,55460,64,Savings,129748.22,2026-03-08,Active
90903,29519,25,Current,26903.04,2026-03-08,Active
91285,2162,105,Savings,44125.6,2026-03-08,Active
29637,18504,52,Savings,164121.3,2026-03-09,Active
34141,21335,5,Savings,45409.2,2026-03-09,Active
37275,7856,26,Savings,27390.72,2026-03-09,Closed
43480,52606,83,Current,3328.51,2026-03-09,Active
43715,43851,105,Savings,67927.35,2026-03-09,Closed
50830,36019,72,Salary,199514.73,2026-03-09,Active
58741,34862,129,Current,2693.35,2026-03-09,Active
64397,24194,24,Savings,5740.7,2026-03-09,Active
72445,54682,105,Savings,102911.02,2026-03-09,Active
75734,7795,35,Savings,2309.77,2026-03-09,Active
83124,34290,133,Salary,1100.95,2026-03-09,Active
88749,39446,68,Savings,76212.21,2026-03-09,Active
90677,20938,27,Current,32115.05,2026-03-09,Active
9013,36024,12,Savings,54019.85,2026-03-10,Dormant
15336,34003,106,Savings,37296.4,2026-03-10,Active
23284,15960,45,Savings,37983.18,2026-03-10,Closed
26686,51668,88,Current,58470.57,2026-03-10,Active
35663,32614,83,NRI,45961.1,2026-03-10,Active
41159,3262,101,Savings,46307.24,2026-03-10,Active
53200,3836,47,Current,11607.17,2026-03-10,Active
68517,50049,62,Current,12267.34,2026-03-10,Active
69546,36805,49,Savings,113920.97,2026-03-10,Active
69917,5581,46,Savings,59531.76,2026-03-10,Active
80968,7307,58,Salary,15911.29,2026-03-10,Active
86879,29088,54,Salary,65224.15,2026-03-10,Active
18726,43672,5,NRI,128036.67,2026-03-11,Closed
26465,44455,61,Salary,10372.03,2026-03-11,Active
40080,13950,74,Savings,108578.39,2026-03-11,Dormant
44681,30444,94,Current,4641.52,2026-03-11,Active
55488,17478,59,Savings,63979.95,2026-03-11,Active
55634,35540,78,Savings,3861.51,2026-03-11,Dormant
79376,17560,70,Savings,141868.46,2026-03-11,Active
1944,57638,67,Savings,39373.56,2026-03-12,Active
3081,37853,29,Fixed Deposit,43958.09,2026-03-12,Active
8484,2448,83,Salary,10223.6,2026-03-12,Dormant
12263,40368,36,Savings,8412.44,2026-03-12,Active
14410,26224,5,Savings,95460.12,2026-03-12,Active
16601,21,22,Savings,15002.84,2026-03-12,Active
19435,59546,96,Fixed Deposit,26113.06,2026-03-12,Closed
25926,1178,63,Salary,128618.77,2026-03-12,Active
27109,8686,21,Current,2924.41,2026-03-12,Active
46123,3331,70,Savings,49873.4,2026-03-12,Active
49031,15535,47,Savings,9431.87,2026-03-12,Active
53798,21021,70,Savings,14138.5,2026-03-12,Closed
55926,41482,60,Current,130740.79,2026-03-12,Active
83508,39996,107,Current,16999.88,2026-03-12,Active
89014,37925,34,Current,780.01,2026-03-12,Active
10616,48147,37,Savings,8717.26,2026-03-13,Active
11550,31595,50,Fixed Deposit,86923.81,2026-03-13,Closed
29564,25080,64,Current,13012.47,2026-03-13,Dormant
39630,31111,19,Savings,15814.46,2026-03-13,Active
40136,32362,145,Savings,93874.07,2026-03-13,Active
41232,17142,103,Salary,2926.03,2026-03-13,Active
43082,45772,96,Salary,6677.71,2026-03-13,Active
50874,7575,35,Current,101119.5,2026-03-13,Active
67051,2677,91,NRI,33282.49,2026-03-13,Active
70822,23582,72,Savings,111015.15,2026-03-13,Active
87798,2171,148,Salary,175036.76,2026-03-13,Dormant
89890,8001,36,Fixed Deposit,7470.39,2026-03-13,Active
91159,3454,8,Savings,1368.99,2026-03-13,Dormant
17933,55334,93,Fixed Deposit,22332.93,2026-03-14,Closed
20664,19968,145,Savings,43062.11,2026-03-14,Closed
25271,47757,66,Savings,17682.26,2026-03-14,Active
33212,20959,79,Current,15660.57,2026-03-14,Active
33790,38593,98,Savings,28233.06,2026-03-14,Active
36238,7466,95,Current,8271.27,2026-03-14,Active
36607,18104,137,Savings,43701.26,2026-03-14,Active
41995,29585,131,Savings,56103.52,2026-03-14,Active
50384,42697,9,Current,30795.15,2026-03-14,Active
50862,41646,128,Savings,14458.71,2026-03-14,Closed
52359,12521,134,Current,47173.18,2026-03-14,Active
66467,46622,116,Savings,4426.42,2026-03-14,Active
66485,28200,4,Fixed Deposit,18608.83,2026-03-14,Active
66958,9792,80,NRI,9642.45,2026-03-14,Active
73820,49815,92,Current,35004.68,2026-03-14,Active
76460,47833,93,Current,43872.2,2026-03-14,Active
84149,7993,2,Savings,16912.99,2026-03-14,Closed
93365,50652,48,Savings,42139.3,2026-03-14,Active
10312,37452,110,Current,6033.4,2026-03-15,Active
19444,53079,83,Savings,41785.02,2026-03-15,Active
33804,44491,64,Savings,2222.6,2026-03-15,Active
36851,33867,64,Current,16654.83,2026-03-15,Active
39212,25951,93,Savings,18889.97,2026-03-15,Active
41841,25236,25,Savings,90889.41,2026-03-15,Dormant
52032,38401,37,Savings,2971.49,2026-03-15,Active
54039,31799,140,Savings,56153.34,2026-03-15,Active
55956,14765,1,Savings,13072.9,2026-03-15,Active
63996,55311,99,Current,107655.16,2026-03-15,Active
64293,58557,148,Current,3321.09,2026-03-15,Active
65095,27052,12,Fixed Deposit,4206.24,2026-03-15,Active
70682,16097,141,Savings,2410.93,2026-03-15,Active
77119,33171,112,Savings,2121.65,2026-03-15,Active
83500,33736,42,Savings,25374.33,2026-03-15,Active
87836,42991,33,Fixed Deposit,52070.47,2026-03-15,Active
88609,494,63,Salary,101796.21,2026-03-15,Active
91265,13034,37,Current,27558.07,2026-03-15,Active
8129,34049,80,Current,106634.51,2026-03-16,Active
13516,6866,114,Savings,51212.99,2026-03-16,Active
25164,24983,103,Savings,56217.64,2026-03-16,Active
30475,51305,43,Savings,90195.28,2026-03-16,Dormant
32817,14084,103,Current,8514.87,2026-03-16,Active
43096,41267,73,Savings,46285.04,2026-03-16,Active
55035,6540,70,Savings,53318.1,2026-03-16,Active
55988,20434,22,Current,66727.25,2026-03-16,Active
57761,9888,86,Salary,24223.3,2026-03-16,Dormant
59417,16691,47,Savings,15198.67,2026-03-16,Active
62162,15318,70,Savings,128849.06,2026-03-16,Active
77758,6430,75,Salary,28993.03,2026-03-16,Active
83272,59689,57,Savings,16622.05,2026-03-16,Active
87219,43191,102,Savings,5471.33,2026-03-16,Active
91139,34391,113,Savings,45277.13,2026-03-16,Active
26137,45232,92,Salary,23647.83,2026-03-17,Active
40250,26405,37,Current,18454.15,2026-03-17,Active
44338,11730,23,Current,36319.41,2026-03-17,Active
45363,46973,127,Savings,28223.53,2026-03-17,Dormant
65933,10345,13,Current,62334.52,2026-03-17,Active
1160,42730,125,Savings,104718.64,2026-03-18,Active
14886,11113,45,Salary,62478.56,2026-03-18,Active
18426,48897,23,Salary,4689.32,2026-03-18,Active
24331,57513,134,NRI,3254.11,2026-03-18,Closed
26712,31263,37,Savings,30999.31,2026-03-18,Active
35162,57899,32,Savings,48158.26,2026-03-18,Active
48242,47238,98,Savings,29356.29,2026-03-18,Active
55230,16281,63,Savings,73236.02,2026-03-18,Active
61426,8280,54,Fixed Deposit,54041.22,2026-03-18,Active
74767,11732,139,Current,57085.81,2026-03-18,Active
86447,12581,11,Savings,26627.45,2026-03-18,Active
87683,575,123,Savings,9973.39,2026-03-18,Active
89710,7507,46,Fixed Deposit,107361.68,2026-03-18,Active
2152,25208,108,Current,66262.06,2026-03-19,Active
7723,13494,135,Savings,78604.97,2026-03-19,Active
16928,39795,53,Current,4199.22,2026-03-19,Active
19154,49427,54,Savings,44311.16,2026-03-19,Active
22677,59770,59,Savings,12218.17,2026-03-19,Active
25473,59329,47,Salary,6465.01,2026-03-19,Active
33766,29551,149,Current,38111,2026-03-19,Active
35481,31226,9,Salary,10432.32,2026-03-19,Active
54056,49251,22,Current,7530.22,2026-03-19,Active
58308,2572,136,Current,148106.53,2026-03-19,Closed
64852,46183,29,Savings,107537.03,2026-03-19,Active
71820,53258,84,Savings,2714.75,2026-03-19,Active
75672,4044,63,Savings,6071.61,2026-03-19,Active
77378,6331,106,Current,178515.24,2026-03-19,Active
82200,56244,53,Current,38869.4,2026-03-19,Active
86175,32610,56,Savings,9283.19,2026-03-19,Active
1656,6349,18,Savings,56470.48,2026-03-20,Active
10613,24566,113,Savings,56650.24,2026-03-20,Closed
29290,56467,40,NRI,10634.04,2026-03-20,Active
48899,18220,119,Salary,9889.58,2026-03-20,Active
49223,20189,115,Salary,111418.25,2026-03-20,Active
65681,47506,89,Savings,124181.19,2026-03-20,Active
69453,11086,107,Current,23215.72,2026-03-20,Active
79086,51164,73,Savings,7452.93,2026-03-20,Active
2813,7586,22,Savings,164364.01,2026-03-21,Active
3457,6356,8,Savings,32790.76,2026-03-21,Active
4404,18538,23,NRI,161795.55,2026-03-21,Active
15285,32229,48,Current,15123.84,2026-03-21,Active
18787,10342,120,Savings,48094.98,2026-03-21,Active
19543,5250,55,Savings,28711.29,2026-03-21,Active
28923,7053,5,Savings,4852.42,2026-03-21,Active
31675,18375,22,Current,38255.57,2026-03-21,Closed
41642,26809,61,Savings,10434.85,2026-03-21,Active
61288,1832,68,Current,92713.63,2026-03-21,Active
67589,23408,26,NRI,7474.5,2026-03-21,Active
85908,33522,100,Savings,5852.38,2026-03-21,Active
2787,30421,37,Current,84722.14,2026-03-22,Active
19082,11826,13,Current,58452.44,2026-03-22,Closed
20011,24430,47,Savings,17347.11,2026-03-22,Active
23568,7368,18,Savings,28141.62,2026-03-22,Active
31011,11965,41,Savings,2191.41,2026-03-22,Active
32567,44483,70,Savings,16805.36,2026-03-22,Active
46077,37311,18,Fixed Deposit,263302.51,2026-03-22,Active
51497,25935,142,Salary,2999.61,2026-03-22,Active
54377,3469,27,Savings,100616.2,2026-03-22,Active
55959,22223,142,Fixed Deposit,6412.2,2026-03-22,Dormant
59736,43166,123,Savings,19553.78,2026-03-22,Active
66487,52366,27,Savings,148601.08,2026-03-22,Active
66908,5451,61,Fixed Deposit,19321.08,2026-03-22,Active
69109,26318,70,Current,18315.12,2026-03-22,Active
74420,36539,127,Current,4203.67,2026-03-22,Active
81499,32196,112,Current,45985.83,2026-03-22,Active
85824,28292,100,Savings,82429.98,2026-03-22,Active
15373,11179,84,Savings,36175.16,2026-03-23,Active
37619,21703,137,Salary,15236.33,2026-03-23,Active
59338,48323,101,Savings,140799.77,2026-03-23,Active
61289,15506,78,Savings,7430.13,2026-03-23,Active
67236,46275,46,Savings,12811.71,2026-03-23,Active
82431,7093,132,Fixed Deposit,43534.8,2026-03-23,Active
146,25016,69,Savings,29925.03,2026-03-24,Active
8529,137,36,Current,20386.91,2026-03-24,Active
18005,48318,15,Current,2451.71,2026-03-24,Active
22845,46719,41,Savings,14300.42,2026-03-24,Active
24646,54032,146,Savings,99053.95,2026-03-24,Active
29565,55331,63,Savings,27100.24,2026-03-24,Active
32476,37106,73,Salary,38776.37,2026-03-24,Active
39475,35144,15,Current,38170.21,2026-03-24,Active
42770,49688,67,Savings,58405.52,2026-03-24,Active
49510,50241,6,Current,10034.75,2026-03-24,Active
51710,57738,33,Salary,5797.24,2026-03-24,Active
55805,7945,79,Salary,250856.29,2026-03-24,Active
59219,14091,140,Savings,9067.98,2026-03-24,Active
64576,35840,71,Fixed Deposit,102415.44,2026-03-24,Active
64625,52979,59,Savings,987.62,2026-03-24,Active
73380,9171,5,Savings,17432.43,2026-03-24,Active
78040,16849,37,Savings,63511.36,2026-03-24,Dormant
78300,14236,110,Current,10394.64,2026-03-24,Active
85163,55979,125,Savings,14612.74,2026-03-24,Active
10624,13028,136,Savings,55041.86,2026-03-25,Active
14130,45462,129,Salary,28467.55,2026-03-25,Active
23226,21008,149,Fixed Deposit,10348.22,2026-03-25,Active
30400,21195,146,Savings,17959.42,2026-03-25,Active
43970,31515,142,Savings,125738.28,2026-03-25,Dormant
68164,10609,112,Savings,93120.11,2026-03-25,Dormant
93800,37476,17,Savings,77199.74,2026-03-25,Active
952,15413,119,Current,1208.22,2026-03-26,Active
7101,50079,96,Current,16888.39,2026-03-26,Active
13329,52832,127,Current,63327.53,2026-03-26,Active
18001,27666,70,Salary,14924.04,2026-03-26,Active
21173,8480,137,Current,7965.29,2026-03-26,Active
22950,1436,135,Savings,35134.61,2026-03-26,Active
24480,47740,4,Savings,1178.19,2026-03-26,Active
53018,45144,133,Savings,36742.87,2026-03-26,Active
64441,31718,70,Savings,93176.04,2026-03-26,Dormant
81220,49909,137,Fixed Deposit,18820.3,2026-03-26,Closed
81487,32724,73,Savings,58993.21,2026-03-26,Active
92644,58861,11,Salary,10715.12,2026-03-26,Active
1169,13176,96,Current,89043.13,2026-03-27,Active
4292,14490,35,Savings,34818.19,2026-03-27,Closed
7678,49412,64,Salary,32260.19,2026-03-27,Active
10342,4009,72,Savings,5901.34,2026-03-27,Dormant
15584,33727,109,Savings,14635.91,2026-03-27,Active
24230,7620,16,Current,13320.17,2026-03-27,Active
40013,8353,35,Salary,49331.21,2026-03-27,Dormant
40696,53314,83,Savings,29237.06,2026-03-27,Active
42769,12602,139,Current,5941.86,2026-03-27,Active
46076,14802,15,Savings,58547.12,2026-03-27,Active
50590,31884,47,Current,44082.93,2026-03-27,Dormant
58794,12389,122,Current,7805.65,2026-03-27,Active
59899,31749,45,Current,45346.59,2026-03-27,Closed
60256,54604,139,Savings,13935.11,2026-03-27,Active
77127,47480,148,Current,128304.58,2026-03-27,Active
85108,56290,146,Savings,59427.49,2026-03-27,Dormant
91592,32205,72,Current,2114.08,2026-03-27,Dormant
13416,5980,48,Savings,33645.67,2026-03-28,Active
26333,28207,28,Savings,68382.39,2026-03-28,Active
35088,25448,21,Savings,22744.3,2026-03-28,Active
38409,2169,75,Savings,41711.5,2026-03-28,Active
58534,14507,148,Fixed Deposit,5797.42,2026-03-28,Dormant
62602,54750,140,Current,220924.71,2026-03-28,Active
67504,13170,46,Savings,58459.23,2026-03-28,Active
69748,12085,95,Savings,15232.44,2026-03-28,Active
76591,59535,26,Savings,80382.93,2026-03-28,Active
77834,3530,36,Savings,22396.32,2026-03-28,Active
8062,53694,54,Current,1312.91,2026-03-29,Active
24636,20848,15,Fixed Deposit,46330.95,2026-03-29,Closed
31004,26213,56,Savings,9930.5,2026-03-29,Active
46178,48951,62,Savings,114018.17,2026-03-29,Dormant
56879,13650,138,Savings,42765.81,2026-03-29,Active
58255,5538,54,Salary,149242.66,2026-03-29,Active
59374,24041,87,Current,34997.53,2026-03-29,Active
60708,33240,136,Savings,18372.17,2026-03-29,Active
73525,24076,21,Savings,15347.08,2026-03-29,Active
84331,28335,7,Savings,76290.57,2026-03-29,Active
17116,6498,102,Fixed Deposit,16791.13,2026-03-30,Active
24418,43981,24,Savings,128942.08,2026-03-30,Active
24910,35190,44,NRI,109048.82,2026-03-30,Active
29348,51870,26,Current,10871.37,2026-03-30,Active
39311,10120,137,NRI,5132.83,2026-03-30,Active
56031,43694,39,Savings,18272.68,2026-03-30,Active
65564,43833,4,Savings,5625.33,2026-03-30,Active
81297,23590,122,Fixed Deposit,68002.93,2026-03-30,Active
82489,40580,28,Fixed Deposit,6566.64,2026-03-30,Dormant
83356,22283,132,Salary,31116.51,2026-03-30,Active
85380,48086,16,Savings,95425.27,2026-03-30,Dormant
13503,28976,128,Savings,21071.19,2026-03-31,Active
21786,40135,131,Savings,15192.77,2026-03-31,Dormant
22102,43168,45,Fixed Deposit,19623.5,2026-03-31,Active
22689,20660,82,Savings,5669.71,2026-03-31,Active
22938,12558,52,NRI,45176.43,2026-03-31,Active
36095,37992,44,Current,59206.66,2026-03-31,Active
38957,44121,73,Savings,62526.63,2026-03-31,Active
45445,23257,121,Current,35416.6,2026-03-31,Active
60644,46482,145,Savings,56002.8,2026-03-31,Active
67042,20372,2,Current,3293.08,2026-03-31,Active
72620,54755,145,Savings,21976.7,2026-03-31,Active
74660,38762,112,Current,56603.63,2026-03-31,Active
79827,30180,94,Savings,20350.66,2026-03-31,Active
85378,11551,107,Salary,88602.25,2026-03-31,Active
86620,25477,130,Savings,32289.85,2026-03-31,Dormant
16174,41258,124,Current,19727.21,2026-04-01,Active
28511,39685,59,Savings,12724.89,2026-04-01,Active
34016,15835,108,Current,64473.27,2026-04-01,Active
45312,14914,90,Savings,77773.12,2026-04-01,Active
45351,37736,77,Salary,8494.25,2026-04-01,Active
52919,17347,26,Savings,3400.55,2026-04-01,Active
60527,58382,48,Fixed Deposit,92247.14,2026-04-01,Active
61851,50175,101,Fixed Deposit,28343.35,2026-04-01,Active
74563,45405,103,Salary,24317.93,2026-04-01,Active
80053,31902,16,Current,8800.56,2026-04-01,Active
86133,6676,86,Salary,1522.17,2026-04-01,Active
1741,7420,3,Salary,93348.28,2026-04-02,Active
6072,30881,20,Fixed Deposit,11121.4,2026-04-02,Active
12529,56828,117,Savings,15083.45,2026-04-02,Active
19188,17587,149,Savings,84487.34,2026-04-02,Active
38424,22585,139,Current,97386.08,2026-04-02,Active
47652,36462,10,Current,17949.08,2026-04-02,Active
57981,15219,108,Current,75437.5,2026-04-02,Active
67448,15952,44,Savings,134377.37,2026-04-02,Active
68182,19326,98,Savings,85099.05,2026-04-02,Active
83398,31609,31,Savings,87428.42,2026-04-02,Active
90424,6440,130,Fixed Deposit,7400.91,2026-04-02,Active
91467,10001,18,Salary,60749.01,2026-04-02,Dormant
7368,37392,15,Salary,10704.89,2026-04-03,Active
17779,4952,86,Salary,19878.41,2026-04-03,Active
33139,2416,82,Salary,6642.56,2026-04-03,Active
41306,116,100,Savings,102541.96,2026-04-03,Active
50930,42447,142,Savings,12208.41,2026-04-03,Active
57253,23448,46,NRI,83964.55,2026-04-03,Active
57381,28637,130,Current,49247.47,2026-04-03,Active
62357,25553,122,Fixed Deposit,10741.71,2026-04-03,Active
64579,52978,99,Savings,36333.94,2026-04-03,Active
65518,26579,98,Savings,64740.88,2026-04-03,Active
65773,1931,44,Savings,7514.9,2026-04-03,Closed
70966,38030,10,Savings,51060.08,2026-04-03,Active
81422,13451,97,Savings,64220.33,2026-04-03,Active
82356,25404,70,Salary,64150.25,2026-04-03,Active
15751,40980,143,Savings,9912.63,2026-04-04,Active
35013,35150,93,Current,47426.57,2026-04-04,Active
49504,11951,74,Salary,15541.56,2026-04-04,Closed
52858,54027,120,Salary,16835.05,2026-04-04,Active
61106,35051,70,Current,159214.49,2026-04-04,Active
69155,42464,36,Savings,6977.02,2026-04-04,Active
86059,9491,127,Savings,13645.57,2026-04-04,Active
90819,39294,55,Savings,1206.65,2026-04-04,Active
93472,7464,33,Savings,119523.39,2026-04-04,Active
13940,32440,39,Savings,5964.51,2026-04-05,Active
19189,26723,4,Current,61960.84,2026-04-05,Active
38850,24749,123,Salary,13264.26,2026-04-05,Active
67788,38896,52,Fixed Deposit,57785.75,2026-04-05,Active
71779,13766,42,Salary,87860.05,2026-04-05,Dormant
4188,4714,106,Savings,9021.38,2026-04-06,Active
15211,11142,118,Savings,20098.84,2026-04-06,Dormant
15526,14141,45,Current,7455.42,2026-04-06,Active
19560,11772,146,Current,85952.7,2026-04-06,Active
25391,9762,78,Salary,83260.92,2026-04-06,Active
34958,44177,60,Salary,82926.92,2026-04-06,Active
35226,35565,33,Savings,27168.21,2026-04-06,Active
35329,52022,13,Fixed Deposit,76187.91,2026-04-06,Active
45932,34973,142,Fixed Deposit,20282.73,2026-04-06,Active
52226,43741,69,Savings,19132.96,2026-04-06,Active
53843,54230,130,NRI,103221.08,2026-04-06,Active
54705,49524,41,Savings,33095.78,2026-04-06,Active
56622,46059,137,Savings,4678.99,2026-04-06,Active
56730,9680,109,NRI,47780.67,2026-04-06,Active
67235,3835,143,Savings,18221.25,2026-04-06,Active
71043,55420,124,Savings,22305.73,2026-04-06,Active
72391,33788,121,NRI,37084.76,2026-04-06,Active
79826,50702,17,Savings,104414.95,2026-04-06,Active
83070,33254,38,Savings,21395.84,2026-04-06,Active
85954,30051,149,Savings,20478,2026-04-06,Active
87193,2527,55,Savings,36100.44,2026-04-06,Active
89568,48230,13,Fixed Deposit,1274.84,2026-04-06,Active
3274,13717,50,Savings,140391.31,2026-04-07,Active
4515,47625,68,Savings,14102.54,2026-04-07,Active
11080,28391,82,Fixed Deposit,28120.97,2026-04-07,Active
17134,40321,135,Salary,88845.66,2026-04-07,Active
17922,11671,66,Savings,32020.47,2026-04-07,Active
33257,49999,43,Savings,3000.47,2026-04-07,Active
38902,44821,124,Current,44726.39,2026-04-07,Active
43678,48163,47,Savings,58862.58,2026-04-07,Active
78682,7395,24,Savings,36976.4,2026-04-07,Closed
88141,33639,79,Current,23475.71,2026-04-07,Active
1536,4912,119,Savings,58235.15,2026-04-08,Closed
15592,23898,120,Fixed Deposit,46498.46,2026-04-08,Active
21171,13548,35,Salary,16395.23,2026-04-08,Active
29431,52467,136,Savings,10701.63,2026-04-08,Dormant
30283,27502,32,Savings,72455.48,2026-04-08,Active
66938,8057,21,Current,14304.35,2026-04-08,Active
73891,32556,150,Salary,181507.09,2026-04-08,Active
90355,14352,102,Current,4774.39,2026-04-08,Active
91127,3475,140,Current,67644.5,2026-04-08,Dormant
93844,19958,67,NRI,43809.37,2026-04-08,Active
4378,20834,130,Salary,11084.56,2026-04-09,Active
5005,4966,2,Salary,3554,2026-04-09,Active
5826,2077,58,Savings,771.27,2026-04-09,Active
8784,33215,20,Savings,16966.65,2026-04-09,Active
22564,37839,135,Salary,78424.14,2026-04-09,Dormant
27783,45744,53,Savings,5198.63,2026-04-09,Active
31206,38540,35,Salary,49323.43,2026-04-09,Active
42771,36809,128,Savings,50228.51,2026-04-09,Active
54656,37632,5,Salary,23774.4,2026-04-09,Active
59984,11820,99,Savings,81474.81,2026-04-09,Active
62463,9757,73,Current,40641.1,2026-04-09,Active
79078,43803,116,Salary,42676.22,2026-04-09,Dormant
84907,5157,98,Fixed Deposit,23983.17,2026-04-09,Active
86283,52205,47,Savings,11872.09,2026-04-09,Active
9609,16543,131,NRI,45606.19,2026-04-10,Active
11001,34212,87,Savings,55792.29,2026-04-10,Active
11066,48621,48,Savings,30768.92,2026-04-10,Active
21669,43663,76,Savings,7707.99,2026-04-10,Active
23032,19037,149,NRI,17502.33,2026-04-10,Active
26355,36533,71,Salary,24366.62,2026-04-10,Active
27439,50765,34,Savings,7295.65,2026-04-10,Active
38715,25655,68,Current,12252.92,2026-04-10,Active
48436,53820,45,Fixed Deposit,3186.98,2026-04-10,Active
50104,20693,137,Savings,4471.53,2026-04-10,Dormant
50338,26687,32,Fixed Deposit,37132.36,2026-04-10,Active
65435,696,7,NRI,12432.18,2026-04-10,Active
68143,59520,14,Savings,31254.61,2026-04-10,Dormant
71747,11916,124,Current,133811.85,2026-04-10,Active
72251,13296,51,Savings,61232.09,2026-04-10,Active
82333,59897,87,Savings,16479,2026-04-10,Active
85413,4747,142,NRI,30120.62,2026-04-10,Active
4278,42268,24,Current,96983.27,2026-04-11,Active
7239,25807,150,NRI,90528.84,2026-04-11,Active
7783,13118,56,Current,53016.08,2026-04-11,Active
8103,9419,28,Savings,16511.67,2026-04-11,Active
15126,32345,71,Current,3760.01,2026-04-11,Active
17634,7097,78,Savings,4095.4,2026-04-11,Active
20999,39928,96,Savings,40593.03,2026-04-11,Active
35303,32303,86,Salary,13711.54,2026-04-11,Active
38576,36861,3,Savings,9423.41,2026-04-11,Active
40856,46404,51,Fixed Deposit,36618.85,2026-04-11,Active
41920,12106,103,Salary,61474.6,2026-04-11,Active
54038,22576,147,Savings,28288.29,2026-04-11,Active
57778,22804,57,Current,46181.34,2026-04-11,Active
58608,23066,83,Current,22759.48,2026-04-11,Active
70193,56139,108,Salary,47213.03,2026-04-11,Active
81732,49772,110,Savings,9946.9,2026-04-11,Dormant
86837,42559,147,Savings,4093.99,2026-04-11,Active
89382,39764,68,Current,2480.15,2026-04-11,Active
93360,17988,7,NRI,55313.13,2026-04-11,Active
8814,22779,54,Current,11342.66,2026-04-12,Active
30016,51161,62,Fixed Deposit,70954.79,2026-04-12,Active
31985,52538,39,Current,533.89,2026-04-12,Closed
40232,55922,69,Savings,6688.99,2026-04-12,Active
50475,33476,8,Salary,21958.44,2026-04-12,Active
56504,39987,148,Savings,72010.64,2026-04-12,Active
62224,2898,122,Savings,25264.15,2026-04-12,Active
66759,25856,143,Savings,98796.18,2026-04-12,Active
74098,55771,113,Fixed Deposit,48013.17,2026-04-12,Active
77374,32362,140,Salary,6148.44,2026-04-12,Active
89039,38165,23,Savings,3893.35,2026-04-12,Active
91829,23566,50,Savings,75833.3,2026-04-12,Active
4298,49070,31,Savings,111254.85,2026-04-13,Active
4966,53135,80,Salary,4475.76,2026-04-13,Active
20214,58568,25,Salary,32962.64,2026-04-13,Dormant
32390,28420,43,Savings,28501.36,2026-04-13,Dormant
35435,51006,125,Current,14316.91,2026-04-13,Active
50029,55477,102,Current,2563.15,2026-04-13,Active
54117,23419,88,Savings,78815.02,2026-04-13,Active
55704,1129,18,Savings,19604.49,2026-04-13,Active
91897,59150,66,Savings,19640.4,2026-04-13,Dormant
22642,20625,127,Savings,1357.39,2026-04-14,Dormant
29381,6777,84,Fixed Deposit,3811.05,2026-04-14,Closed
35234,25800,39,Savings,86964.98,2026-04-14,Active
36964,26253,130,Savings,244553.17,2026-04-14,Dormant
47337,48506,149,Current,30592.44,2026-04-14,Active
54450,42433,77,Current,33617.95,2026-04-14,Active
54699,15847,90,Savings,44443.48,2026-04-14,Active
55880,56429,112,Fixed Deposit,21439.7,2026-04-14,Active
70024,32669,99,Fixed Deposit,1743.6,2026-04-14,Active
77984,49567,62,Savings,97774.36,2026-04-14,Active
91337,22523,14,Savings,12375.13,2026-04-14,Active
4943,6997,137,Fixed Deposit,640.26,2026-04-15,Active
6685,17434,42,Fixed Deposit,29082.25,2026-04-15,Active
11163,44567,59,Savings,32245.23,2026-04-15,Active
17247,28488,59,Savings,38358.61,2026-04-15,Active
26955,26365,78,Savings,5397.47,2026-04-15,Closed
27985,48551,70,Savings,77508.31,2026-04-15,Active
31768,44970,137,Current,33533.55,2026-04-15,Active
32623,2566,74,Current,21287.57,2026-04-15,Active
44949,37789,136,Savings,6004.46,2026-04-15,Active
45721,52466,118,Salary,88124.85,2026-04-15,Active
58256,33110,146,Savings,27581.05,2026-04-15,Active
59337,21254,41,Current,83648.92,2026-04-15,Active
70197,33605,84,Savings,38050.59,2026-04-15,Active
87781,44469,15,Savings,53759.99,2026-04-15,Active
6545,52313,81,Savings,85520.33,2026-04-16,Active
33810,28822,50,Current,53665.39,2026-04-16,Active
44680,23409,3,NRI,7797.6,2026-04-16,Active
58657,39300,60,Salary,20744.5,2026-04-16,Active
68916,25524,125,Fixed Deposit,39665.22,2026-04-16,Active
76998,30612,140,Current,84577,2026-04-16,Active
85084,6172,125,Savings,7164.54,2026-04-16,Active
2609,20360,35,Savings,8948.29,2026-04-17,Active
6285,34022,117,Salary,18492,2026-04-17,Active
12689,39748,46,Salary,34422.34,2026-04-17,Dormant
44706,18926,131,Fixed Deposit,24061.07,2026-04-17,Dormant
58986,57286,85,Fixed Deposit,20173.43,2026-04-17,Active
61439,57214,50,Savings,52003.04,2026-04-17,Active
64876,34540,136,Savings,43559.9,2026-04-17,Active
65544,52283,15,Savings,10293.61,2026-04-17,Active
66866,31806,2,Savings,29220.54,2026-04-17,Active
67972,4450,76,Savings,17426.74,2026-04-17,Active
69575,57758,74,Savings,29634.37,2026-04-17,Active
79298,33900,145,Salary,60501.68,2026-04-17,Active
94597,40126,88,Current,14864.68,2026-04-17,Active
15247,46058,21,Savings,47033.21,2026-04-18,Active
24217,58396,149,Current,20441,2026-04-18,Active
24373,49951,137,Savings,37411.98,2026-04-18,Dormant
36855,32484,100,Current,4489.84,2026-04-18,Active
58298,2502,63,Fixed Deposit,78323.95,2026-04-18,Active
60225,51133,118,Savings,51265.63,2026-04-18,Active
65090,45899,126,Salary,42913.12,2026-04-18,Active
66593,21845,19,Savings,28842.17,2026-04-18,Active
66734,48217,31,Savings,27308.79,2026-04-18,Active
76353,909,7,Salary,16300.16,2026-04-18,Active
87421,51683,98,Savings,13392.35,2026-04-18,Dormant
91908,23895,142,NRI,6788.08,2026-04-18,Active
4147,56434,6,Savings,21041.34,2026-04-19,Active
17487,32721,8,Savings,12575.57,2026-04-19,Active
37574,17959,29,Savings,23278.67,2026-04-19,Closed
39433,6636,57,Salary,21883.18,2026-04-19,Active
52289,57827,14,Savings,27216.21,2026-04-19,Active
61796,24638,130,Savings,12890.8,2026-04-19,Active
83901,4471,68,Savings,58046.28,2026-04-19,Active
94770,11778,72,Current,70227.55,2026-04-19,Active
3647,18749,95,Fixed Deposit,31144.12,2026-04-20,Closed
8781,57404,23,Salary,21535.82,2026-04-20,Closed
13592,39624,84,Current,58251.56,2026-04-20,Active
24689,47987,116,NRI,34447.32,2026-04-20,Active
28518,31530,45,Savings,28832.08,2026-04-20,Active
45777,21318,100,Salary,7514.43,2026-04-20,Active
59557,10563,7,Salary,42935.34,2026-04-20,Active
60325,1553,119,Savings,34778.29,2026-04-20,Active
61273,41207,87,Fixed Deposit,132867.16,2026-04-20,Active
62891,9440,55,Salary,61155.95,2026-04-20,Active
74291,10241,10,Savings,22886.65,2026-04-20,Active
84418,24411,59,Salary,97459.24,2026-04-20,Active
86187,46146,58,Savings,38824.1,2026-04-20,Dormant
88333,22228,105,Savings,209086.52,2026-04-20,Dormant
15559,52143,128,Current,106777.06,2026-04-21,Closed
18184,40320,18,Salary,64585.93,2026-04-21,Active
21237,29523,98,Savings,17628.37,2026-04-21,Active
33127,54754,107,Savings,12707.89,2026-04-21,Active
41859,47733,75,Savings,13525.88,2026-04-21,Active
42048,44701,30,Savings,8753.3,2026-04-21,Active
57722,54678,131,NRI,53501.27,2026-04-21,Dormant
60437,18651,77,Savings,1375.73,2026-04-21,Active
65384,21970,18,Fixed Deposit,50313.61,2026-04-21,Active
89447,7958,58,Savings,44918.64,2026-04-21,Active
6939,27325,45,Current,31791.33,2026-04-22,Active
11169,58010,65,Savings,13998.34,2026-04-22,Active
34562,2794,49,Current,100702.99,2026-04-22,Active
46852,38253,11,Savings,93670.18,2026-04-22,Active
50576,33454,77,Savings,966.12,2026-04-22,Active
61386,23241,10,Current,137053.26,2026-04-22,Active
67001,52801,9,Savings,5943.32,2026-04-22,Dormant
71527,56283,23,Savings,503.87,2026-04-22,Active
78616,36226,66,Current,42259.87,2026-04-22,Active
85759,37271,141,Savings,52935.55,2026-04-22,Active
86514,32468,75,Savings,2922.56,2026-04-22,Active
3970,12359,15,Savings,2944.21,2026-04-23,Active
14511,10590,130,Fixed Deposit,7469.97,2026-04-23,Closed
40542,47176,82,Fixed Deposit,4473,2026-04-23,Active
45856,20493,76,Salary,67041.96,2026-04-23,Active
48808,9201,9,Savings,10882.66,2026-04-23,Active
49661,2558,8,Savings,4016.16,2026-04-23,Active
51236,28444,146,Savings,59138.2,2026-04-23,Active
58662,44734,140,Savings,84913.53,2026-04-23,Active
61895,55474,111,Salary,660.56,2026-04-23,Active
66914,21098,17,NRI,63911.98,2026-04-23,Active
68741,38980,150,Current,89472.49,2026-04-23,Active
72382,42795,112,Salary,91822.55,2026-04-23,Active
87997,55355,110,Savings,7057.5,2026-04-23,Closed
93440,54440,73,Current,45289.14,2026-04-23,Active
917,50267,99,Savings,38223.59,2026-04-24,Active
3588,14870,22,Savings,76094.72,2026-04-24,Active
6608,36588,121,Fixed Deposit,108939.21,2026-04-24,Active
15000,4022,131,Savings,21756.45,2026-04-24,Active
20621,28819,139,Savings,43512.99,2026-04-24,Closed
27199,30722,136,Fixed Deposit,20020.43,2026-04-24,Active
32665,43959,136,Savings,22363.55,2026-04-24,Active
38172,11789,63,Salary,25764.88,2026-04-24,Active
47782,30730,47,Current,105229.83,2026-04-24,Closed
56823,22802,7,Current,24007.92,2026-04-24,Active
60322,52564,68,Current,44623.64,2026-04-24,Active
66230,44911,51,Savings,148027.13,2026-04-24,Active
66598,24108,56,Savings,27366.88,2026-04-24,Active
66717,37902,51,Savings,173568.83,2026-04-24,Active
68005,41934,82,Current,18772.95,2026-04-24,Active
80906,15257,56,Fixed Deposit,41808.26,2026-04-24,Active
6130,5681,22,Savings,5954.77,2026-04-25,Active
6932,27843,116,NRI,36794.38,2026-04-25,Active
46100,48375,133,Salary,117395.9,2026-04-25,Active
58118,15792,92,Fixed Deposit,150454.67,2026-04-25,Active
66109,53327,15,Savings,49015.97,2026-04-25,Active
89126,35335,33,Savings,90284.68,2026-04-25,Active
93372,22669,96,Savings,1777.12,2026-04-25,Active
754,20191,110,Salary,112912.25,2026-04-26,Active
2628,28031,64,Savings,29528.16,2026-04-26,Active
5551,30294,26,NRI,3541.13,2026-04-26,Active
6241,19878,70,Current,95412.83,2026-04-26,Active
11882,32975,13,Current,14878.29,2026-04-26,Active
13631,12737,98,Fixed Deposit,78952.2,2026-04-26,Active
20945,17726,124,Savings,3489.77,2026-04-26,Active
30501,16730,59,Salary,12927.7,2026-04-26,Active
35389,524,12,NRI,38559.8,2026-04-26,Active
51701,42405,4,Savings,96611.89,2026-04-26,Closed
52552,2848,92,Savings,57549.77,2026-04-26,Active
61066,27541,7,Fixed Deposit,76111.14,2026-04-26,Active
64974,13287,61,Savings,167424.07,2026-04-26,Active
91720,58064,71,Current,31449.8,2026-04-26,Active
92396,3229,6,Savings,78509.49,2026-04-26,Active
1053,39742,21,Salary,16668.47,2026-04-27,Active
50322,29052,127,Savings,86311.21,2026-04-27,Active
56672,41531,111,Savings,4919.56,2026-04-27,Active
68936,39853,97,Savings,15126.01,2026-04-27,Active
70674,24115,5,Fixed Deposit,5287.32,2026-04-27,Active
71199,53710,22,Current,8297.51,2026-04-27,Active
75235,46323,24,Savings,53747.18,2026-04-27,Active
78049,25663,50,Current,112909.35,2026-04-27,Active
81480,35875,7,Savings,15006.57,2026-04-27,Active
83096,9959,135,Savings,108943.96,2026-04-27,Dormant
84720,44539,93,Fixed Deposit,156979.25,2026-04-27,Active
84824,46490,10,Fixed Deposit,49958.14,2026-04-27,Active
90081,57765,15,Savings,30198.05,2026-04-27,Active
94169,47605,51,Savings,41148.27,2026-04-27,Active
1021,9903,120,Savings,28517.72,2026-04-28,Active
1494,33493,62,Fixed Deposit,32018.41,2026-04-28,Active
16006,57036,123,Current,50100.32,2026-04-28,Active
18407,37045,145,Fixed Deposit,46675.52,2026-04-28,Active
23627,4668,53,Current,17091.44,2026-04-28,Active
31759,20970,110,Savings,18034.68,2026-04-28,Active
37988,5901,64,Savings,55202.77,2026-04-28,Closed
70867,36115,91,Current,111570.92,2026-04-28,Active
71433,35930,63,Current,29154.65,2026-04-28,Active
451,11768,64,Salary,123081.13,2026-04-29,Active
1762,28519,113,Savings,78920.42,2026-04-29,Active
5787,13181,147,NRI,14897.93,2026-04-29,Active
15242,11500,39,Savings,47246.42,2026-04-29,Active
28021,28512,138,Savings,40060.7,2026-04-29,Active
29632,28459,60,Current,33515,2026-04-29,Active
45660,22921,64,Savings,9357.12,2026-04-29,Active
51308,10470,47,Salary,26566.32,2026-04-29,Dormant
54105,35876,111,Savings,2626.3,2026-04-29,Active
55000,59841,22,Savings,76034.63,2026-04-29,Active
57351,56418,36,Salary,85429.72,2026-04-29,Active
58591,28994,45,Current,6416.57,2026-04-29,Active
65476,23965,72,Savings,17705.34,2026-04-29,Active
68072,17532,91,Fixed Deposit,659.03,2026-04-29,Active
78649,46917,38,Salary,74008.26,2026-04-29,Active
82014,39053,137,Current,14240.15,2026-04-29,Active
83841,56729,138,Current,40691.09,2026-04-29,Active
91195,27433,99,Fixed Deposit,740.08,2026-04-29,Active
543,40966,57,Savings,156040.93,2026-04-30,Active
14970,55944,17,Current,66330.91,2026-04-30,Active
20997,31868,16,Savings,100262.67,2026-04-30,Active
30027,26684,24,Current,4967.73,2026-04-30,Closed
37969,12081,91,Savings,208584.49,2026-04-30,Active
49178,35005,85,Savings,6628.24,2026-04-30,Active
60960,37246,85,Current,119128.33,2026-04-30,Active
75280,40532,84,Savings,39903.33,2026-04-30,Active
88699,35626,4,Savings,55002.15,2026-04-30,Active
90176,2875,63,Savings,24125.07,2026-04-30,Active
9164,538,127,Current,20218.89,2026-05-01,Active
14363,51837,19,Savings,35367.68,2026-05-01,Dormant
23050,6872,140,Salary,37352.88,2026-05-01,Active
26907,56184,38,Salary,18029.5,2026-05-01,Active
32867,31306,145,Savings,12966.01,2026-05-01,Active
33482,46436,20,Salary,17726.42,2026-05-01,Active
51937,44129,65,Current,42656.43,2026-05-01,Active
53091,35143,74,Current,103608.28,2026-05-01,Active
57710,33399,31,Fixed Deposit,5444.92,2026-05-01,Active
68289,45936,61,Salary,81911.47,2026-05-01,Active
71341,14166,46,Savings,11959.98,2026-05-01,Active
6050,2994,52,Savings,1948.57,2026-05-02,Active
11295,59231,106,Current,54362.16,2026-05-02,Dormant
11347,28757,47,Savings,46516.22,2026-05-02,Active
11448,15330,117,Current,1256.26,2026-05-02,Active
14366,25798,53,Savings,64440.5,2026-05-02,Active
18799,28671,134,Savings,36393.88,2026-05-02,Active
19410,8880,66,Salary,2409.47,2026-05-02,Active
21775,54722,57,NRI,178503.6,2026-05-02,Active
43291,16653,17,Current,772.95,2026-05-02,Active
49781,47739,24,Current,65483.96,2026-05-02,Active
80739,49055,104,Savings,160338.29,2026-05-02,Active
88233,43441,72,Current,111046.49,2026-05-02,Active
3311,44783,52,Current,42134.59,2026-05-03,Active
5137,17477,74,Salary,21016.89,2026-05-03,Active
16052,35788,13,Salary,74703.46,2026-05-03,Dormant
39728,14111,91,Savings,39717.14,2026-05-03,Active
54667,28109,72,Savings,6777.53,2026-05-03,Closed
54779,2162,141,Savings,15147.26,2026-05-03,Active
74922,21660,63,Fixed Deposit,7763.82,2026-05-03,Dormant
75598,44607,108,Savings,39344.65,2026-05-03,Active
80005,30915,149,Salary,3099.39,2026-05-03,Active
94665,11964,119,Salary,37976.8,2026-05-03,Active
4997,18936,41,Savings,67144.8,2026-05-04,Active
31304,43522,57,Fixed Deposit,74532.35,2026-05-04,Dormant
35608,4873,111,Savings,87911.72,2026-05-04,Active
44038,48044,41,Savings,1735.64,2026-05-04,Active
63580,24086,1,Savings,115426.9,2026-05-04,Active
64705,1265,144,Savings,15431.75,2026-05-04,Active
68716,44966,67,Savings,9556.4,2026-05-04,Dormant
69455,51677,133,Current,23540.45,2026-05-04,Active
78456,27733,136,Salary,79445.53,2026-05-04,Active
80870,14863,143,Salary,102423.12,2026-05-04,Active
15598,23010,71,Fixed Deposit,50253.02,2026-05-05,Active
29413,1099,101,Savings,51474.52,2026-05-05,Active
30468,23054,68,Salary,13396.66,2026-05-05,Dormant
38383,42886,23,Salary,7925.22,2026-05-05,Active
39209,44406,10,Current,116631.93,2026-05-05,Active
70849,18032,149,Savings,101799.44,2026-05-05,Active
75695,47403,27,Current,6535.72,2026-05-05,Dormant
80214,51105,18,Savings,38132.52,2026-05-05,Active
85343,49786,65,NRI,18967.57,2026-05-05,Active
5767,15364,105,Salary,5406.61,2026-05-06,Active
25281,41145,35,Savings,50842.93,2026-05-06,Active
28156,33193,141,Savings,81042.41,2026-05-06,Active
36838,44260,126,Savings,63389.61,2026-05-06,Active
48069,9275,134,Salary,11253.04,2026-05-06,Active
53617,36165,149,Current,108439.09,2026-05-06,Active
55939,13592,126,Current,1865.05,2026-05-06,Active
56006,22452,38,Current,83232.3,2026-05-06,Active
57793,23348,65,Savings,37757.17,2026-05-06,Dormant
57833,5892,50,Savings,17081.62,2026-05-06,Active
66749,32166,53,Savings,119140.43,2026-05-06,Active
74896,30611,133,NRI,38559.86,2026-05-06,Active
83814,1324,3,Savings,19888.97,2026-05-06,Dormant
84161,59441,108,Savings,50306.73,2026-05-06,Active
88212,29298,130,Salary,104955.35,2026-05-06,Active
2110,43204,74,Salary,39329.74,2026-05-07,Active
2985,11994,2,Salary,153265.73,2026-05-07,Active
5397,52095,58,Savings,4133.07,2026-05-07,Active
14515,4248,138,Current,10165.83,2026-05-07,Active
43391,5058,43,Current,15252.64,2026-05-07,Closed
57688,8028,98,Savings,6183.13,2026-05-07,Active
69204,12007,37,Savings,14083.89,2026-05-07,Active
7866,58096,9,Salary,13029.79,2026-05-08,Active
8590,27036,27,Savings,97067.88,2026-05-08,Active
8731,12769,120,Savings,28909.12,2026-05-08,Dormant
16510,453,77,Fixed Deposit,11722.02,2026-05-08,Active
29557,8536,104,Savings,55289.24,2026-05-08,Active
40571,25252,106,Savings,21987.29,2026-05-08,Active
44629,38560,75,Savings,15135.98,2026-05-08,Active
47612,47801,150,Savings,71829.3,2026-05-08,Active
51272,22797,110,Savings,28029.21,2026-05-08,Active
62266,57290,9,Fixed Deposit,11062.68,2026-05-08,Active
62604,28509,141,Current,46752.85,2026-05-08,Active
81491,45250,7,Current,30743.8,2026-05-08,Active
84864,12122,76,Savings,28134.83,2026-05-08,Active
5155,32797,138,Salary,70128.56,2026-05-09,Active
8205,56915,136,Savings,43994.71,2026-05-09,Active
12388,36583,145,Current,129382.68,2026-05-09,Active
15089,45813,143,Savings,19419.67,2026-05-09,Active
16016,55493,45,Salary,25680.49,2026-05-09,Dormant
31732,9811,133,Savings,3799.33,2026-05-09,Active
34524,41679,28,Current,5016.95,2026-05-09,Active
38524,15289,105,Salary,161191.37,2026-05-09,Active
40031,1567,78,Savings,52284.77,2026-05-09,Active
59681,40582,53,Savings,59237.79,2026-05-09,Dormant
64843,42532,52,Savings,7257.6,2026-05-09,Closed
4750,14781,127,Savings,33674,2026-05-10,Active
27565,53483,141,Salary,10898.61,2026-05-10,Closed
30698,18265,66,Savings,33926.94,2026-05-10,Active
31757,12854,40,Current,20342.35,2026-05-10,Active
54901,17656,80,Fixed Deposit,17761.22,2026-05-10,Active
64401,35605,127,Savings,10966.92,2026-05-10,Active
83786,30988,40,Current,105015.27,2026-05-10,Active
676,49231,53,Current,92669.05,2026-05-11,Active
4513,26424,119,Savings,94160.13,2026-05-11,Closed
5604,1627,76,Savings,39943.23,2026-05-11,Active
15676,1013,72,Salary,64972.28,2026-05-11,Active
18479,39167,47,Savings,53079.09,2026-05-11,Active
46935,31154,19,Current,61827.06,2026-05-11,Active
63955,20023,117,Salary,85704.42,2026-05-11,Active
77925,18976,109,Salary,21555.63,2026-05-11,Active
82362,19035,91,Savings,107229.7,2026-05-11,Active
83599,36963,21,Salary,8569.43,2026-05-11,Active
2273,34234,82,Savings,33081.22,2026-05-12,Active
6199,37915,8,Savings,19026.16,2026-05-12,Active
13807,30049,80,Current,4865.63,2026-05-12,Active
21112,35805,127,Savings,14332.32,2026-05-12,Active
39406,16165,141,Salary,15292.32,2026-05-12,Active
43954,57125,115,Current,166671.22,2026-05-12,Active
46154,42895,128,Salary,39956.3,2026-05-12,Active
46573,40378,122,Salary,8193.74,2026-05-12,Active
52850,34848,148,Salary,47711.84,2026-05-12,Active
67417,31989,121,Savings,1404.76,2026-05-12,Active
77047,50423,139,Current,61424.08,2026-05-12,Active
80561,30266,74,Savings,4305.13,2026-05-12,Active
90925,59509,44,Current,1686.9,2026-05-12,Active
4949,32816,64,Savings,155123.5,2026-05-13,Active
6452,13843,60,Current,52313.33,2026-05-13,Active
11668,9275,20,Savings,10889.36,2026-05-13,Active
13866,4676,13,Savings,83044.14,2026-05-13,Active
32466,38535,133,Savings,4513.15,2026-05-13,Active
35464,32444,81,Current,27207.09,2026-05-13,Active
35574,44553,124,NRI,80259.02,2026-05-13,Active
44886,21157,82,Current,201709.73,2026-05-13,Active
52534,32819,129,Fixed Deposit,93475.56,2026-05-13,Active
53889,33841,42,Savings,60109.15,2026-05-13,Active
56557,43875,117,Salary,43499.36,2026-05-13,Dormant
61442,9829,114,Savings,98503.04,2026-05-13,Active
65852,41071,4,Savings,11862.32,2026-05-13,Active
76422,30020,15,Savings,286700.15,2026-05-13,Active
2444,18198,27,Fixed Deposit,94484.84,2026-05-14,Active
18072,27368,150,Savings,7371.63,2026-05-14,Active
29924,4458,91,Savings,64079.28,2026-05-14,Active
32704,29731,118,Salary,4336.82,2026-05-14,Active
34583,11694,58,Savings,40877.85,2026-05-14,Active
39733,44752,5,Fixed Deposit,47950.73,2026-05-14,Active
41344,43857,84,NRI,12908.62,2026-05-14,Active
53271,57359,49,Savings,47370.95,2026-05-14,Active
58350,50588,34,Current,31768.79,2026-05-14,Active
79190,13070,93,Salary,86037.7,2026-05-14,Active
81103,27339,98,Fixed Deposit,235274.1,2026-05-14,Active
88623,1843,37,Savings,74859.07,2026-05-14,Active
8433,27053,33,Current,125008.18,2026-05-15,Active
8610,25222,5,Savings,10530.83,2026-05-15,Active
9152,44711,148,Savings,36302.27,2026-05-15,Active
16283,42244,90,Current,17263.89,2026-05-15,Active
21627,2995,64,Current,6252.59,2026-05-15,Active
26126,46413,86,Savings,76671.93,2026-05-15,Active
30377,20066,63,Savings,28487.34,2026-05-15,Active
33381,55424,6,Current,2706.56,2026-05-15,Active
35196,31928,47,Fixed Deposit,97583.84,2026-05-15,Active
35810,29298,6,Savings,7528.44,2026-05-15,Active
45651,14945,59,Savings,29899.06,2026-05-15,Active
67881,51967,76,NRI,38534.63,2026-05-15,Closed
74902,36642,68,Fixed Deposit,61079.42,2026-05-15,Dormant
75130,28444,95,Savings,14641.16,2026-05-15,Active
86801,50862,54,Fixed Deposit,49987.05,2026-05-15,Active
91071,59904,70,Current,77333.47,2026-05-15,Closed
92902,8654,104,Savings,8753.92,2026-05-15,Dormant
94573,58825,124,Savings,118493.27,2026-05-15,Dormant
1670,18736,47,Current,20292.42,2026-05-16,Active
2146,45561,132,Savings,124534.61,2026-05-16,Active
4244,34533,73,Savings,4489.09,2026-05-16,Active
24350,4718,35,Current,95930.99,2026-05-16,Active
27432,56193,31,Savings,53008.98,2026-05-16,Active
38963,23383,10,Savings,158718.58,2026-05-16,Active
39042,58001,127,Savings,12235.21,2026-05-16,Active
51067,33755,36,Savings,100302.96,2026-05-16,Dormant
70789,53420,129,Fixed Deposit,30605.13,2026-05-16,Active
71523,59937,107,Savings,107514.46,2026-05-16,Active
73422,32919,60,Savings,6795.04,2026-05-16,Closed
81097,14113,61,Savings,24799.4,2026-05-16,Active
83529,29348,133,Savings,199175.48,2026-05-16,Active
89696,798,101,Fixed Deposit,14985.48,2026-05-16,Dormant
298,10753,130,Fixed Deposit,29159.63,2026-05-17,Active
18510,14401,32,Savings,50659.86,2026-05-17,Closed
28978,1433,143,Savings,107277.67,2026-05-17,Active
46853,27826,30,Savings,7285.5,2026-05-17,Active
53755,14024,9,Salary,5858.48,2026-05-17,Active
73576,13199,8,Savings,1250.2,2026-05-17,Active
75680,16010,22,Savings,132302.07,2026-05-17,Active
77350,27060,119,Fixed Deposit,3514.3,2026-05-17,Active
81031,43582,126,Current,15650.03,2026-05-17,Closed
7839,6993,43,Salary,130552.65,2026-05-18,Active
12828,21901,35,Savings,50436.13,2026-05-18,Active
26330,40038,89,Savings,40856.86,2026-05-18,Active
29395,12255,60,Savings,96278.27,2026-05-18,Active
35964,43386,142,Current,18551.86,2026-05-18,Active
43001,31077,89,Salary,132793.16,2026-05-18,Active
47542,52419,81,NRI,2329.88,2026-05-18,Active
48145,26932,1,Savings,15116.32,2026-05-18,Active
49254,46377,140,Savings,91334.65,2026-05-18,Active
74097,2462,123,Current,17337.63,2026-05-18,Active
77287,36011,5,Savings,37700.58,2026-05-18,Active
81290,11591,38,Savings,137694.84,2026-05-18,Active
18951,10942,39,Current,97553.61,2026-05-19,Active
19538,1580,81,Savings,47276.69,2026-05-19,Active
30669,8465,111,Savings,43272.71,2026-05-19,Active
31111,28425,100,Savings,31545.56,2026-05-19,Active
33554,56963,75,Savings,3370.19,2026-05-19,Active
36554,39624,21,Savings,2585.67,2026-05-19,Active
53578,13390,88,Current,23300.01,2026-05-19,Active
74726,31212,150,Savings,58718.55,2026-05-19,Active
3018,14322,17,Salary,6525.86,2026-05-20,Active
15179,26251,71,Current,29957.01,2026-05-20,Active
20015,57061,3,Savings,91891.9,2026-05-20,Closed
28444,5374,135,Savings,95704.98,2026-05-20,Active
61369,18851,96,Salary,24385.84,2026-05-20,Dormant
62362,54939,22,Savings,123460.97,2026-05-20,Active
70382,10818,49,Savings,42745.18,2026-05-20,Active
87496,19742,18,Savings,996.99,2026-05-20,Active
577,49307,125,Salary,48150.26,2026-05-21,Closed
2001,20829,92,Fixed Deposit,113515.26,2026-05-21,Active
3010,12145,9,Savings,43196.43,2026-05-21,Active
5273,44128,36,Fixed Deposit,2282.1,2026-05-21,Active
12328,51233,43,Savings,36133.83,2026-05-21,Closed
14043,29511,82,Current,17241.02,2026-05-21,Active
16406,34419,52,Savings,20978.36,2026-05-21,Active
21889,57027,87,Salary,63384.52,2026-05-21,Active
26482,17702,83,Savings,6254.57,2026-05-21,Active
31464,41203,17,Salary,36296.11,2026-05-21,Active
61325,24381,6,Current,48027.82,2026-05-21,Active
73000,53469,17,Salary,12858.04,2026-05-21,Dormant
78495,2391,62,Fixed Deposit,115574.51,2026-05-21,Active
83448,24740,2,Savings,25722.16,2026-05-21,Active
5471,19596,127,Savings,3769.37,2026-05-22,Active
10241,28571,10,Current,46298.04,2026-05-22,Active
16828,38346,62,Savings,40719.83,2026-05-22,Active
28844,57200,56,Current,83178.82,2026-05-22,Active
38165,12431,144,Salary,128291.7,2026-05-22,Active
42209,9858,110,Savings,83221.15,2026-05-22,Closed
43985,32900,31,Savings,19378.34,2026-05-22,Active
56820,41966,110,Savings,178348.43,2026-05-22,Closed
59745,43470,148,Savings,23542.41,2026-05-22,Active
60504,25296,81,Savings,56681.47,2026-05-22,Active
71855,40449,72,Salary,17068.6,2026-05-22,Active
83379,48093,47,Savings,35756.59,2026-05-22,Active
94823,56329,94,Savings,71214.14,2026-05-22,Active
9141,3954,3,Salary,78302.44,2026-05-23,Active
12935,42214,29,Salary,99949.6,2026-05-23,Active
24440,58234,94,Savings,83771.39,2026-05-23,Active
41450,36508,118,Savings,62048.99,2026-05-23,Active
56747,55620,68,Current,38229.7,2026-05-23,Dormant
62973,13650,138,Savings,29421.64,2026-05-23,Active
64022,29662,91,Fixed Deposit,37671.99,2026-05-23,Active
71624,57041,32,Salary,9530.89,2026-05-23,Active
80466,6679,20,Savings,3454.16,2026-05-23,Active
80630,7007,117,Savings,43295.24,2026-05-23,Active
81129,4827,10,Fixed Deposit,1964.78,2026-05-23,Active
83263,47873,12,Fixed Deposit,7190.63,2026-05-23,Active
94891,4025,119,Current,22542.58,2026-05-23,Active
1221,23275,88,Savings,50171.65,2026-05-24,Active
3348,44959,27,Savings,119854.08,2026-05-24,Active
17899,9187,56,NRI,165539.78,2026-05-24,Active
26172,31876,46,Current,151598.24,2026-05-24,Active
32756,40656,21,Savings,36552.75,2026-05-24,Dormant
35376,51849,3,Savings,19833.16,2026-05-24,Active
38054,19205,95,Current,93081.69,2026-05-24,Dormant
38878,40234,103,Current,72200.5,2026-05-24,Active
44104,18864,132,Savings,148309.94,2026-05-24,Active
51050,47403,108,Salary,8705.6,2026-05-24,Active
66333,39364,68,Current,125328.87,2026-05-24,Dormant
69879,57507,61,NRI,27611.32,2026-05-24,Active
70226,697,140,Savings,217321.94,2026-05-24,Active
76375,3791,134,Savings,4625.35,2026-05-24,Active
77808,19951,126,NRI,22441.84,2026-05-24,Active
81525,41933,16,Savings,140259.76,2026-05-24,Active
91647,14832,57,NRI,62832.85,2026-05-24,Active
1796,17405,4,Salary,10446.26,2026-05-25,Active
4607,33196,56,Savings,55683,2026-05-25,Active
11412,5378,108,Savings,81390.11,2026-05-25,Active
17283,2049,130,Salary,60984.4,2026-05-25,Active
42255,6574,64,Salary,18070.78,2026-05-25,Active
50048,1138,65,Savings,51025.31,2026-05-25,Dormant
51095,22313,118,Savings,688.89,2026-05-25,Active
59763,46971,144,NRI,13333.86,2026-05-25,Active
64464,58975,39,Savings,17272.63,2026-05-25,Active
82510,57814,111,Fixed Deposit,24463.88,2026-05-25,Active
83019,28370,126,Savings,4662.66,2026-05-25,Closed
86725,49204,42,Savings,188519.14,2026-05-25,Active
813,19371,81,Savings,79306.54,2026-05-26,Active
11645,302,137,Savings,7805.83,2026-05-26,Dormant
26519,18648,129,Savings,101823.69,2026-05-26,Closed
48754,23673,94,Savings,30997.83,2026-05-26,Active
49136,8111,101,Savings,14426.32,2026-05-26,Active
60830,10227,97,Savings,85868.66,2026-05-26,Active
66609,39089,100,Current,3118.21,2026-05-26,Active
67664,41796,30,Current,33848.88,2026-05-26,Dormant
83725,45091,59,Savings,83760.68,2026-05-26,Active
9066,8039,122,Salary,95680.1,2026-05-27,Active
10821,23178,3,Savings,29472.95,2026-05-27,Dormant
25539,23776,101,Savings,26499.35,2026-05-27,Active
31716,56638,105,Current,79653.35,2026-05-27,Active
32493,35945,39,Savings,11749.71,2026-05-27,Active
40444,50420,56,Savings,17634.35,2026-05-27,Closed
45924,17932,28,Fixed Deposit,76480.13,2026-05-27,Active
57653,11428,16,Current,36159.46,2026-05-27,Active
59464,17656,132,Current,100156.96,2026-05-27,Active
65158,19354,18,Current,18740.56,2026-05-27,Active
81157,734,103,Fixed Deposit,88084.27,2026-05-27,Active
7222,56380,67,Savings,19842.3,2026-05-28,Active
7342,43423,11,Current,145798.83,2026-05-28,Active
8579,57251,35,Savings,5865.44,2026-05-28,Dormant
30576,7987,113,Savings,57858.31,2026-05-28,Active
35429,43660,43,Savings,25500.47,2026-05-28,Active
81992,24856,81,Savings,70608.12,2026-05-28,Closed
9346,8563,74,NRI,155106.6,2026-05-29,Active
19136,42068,10,Salary,14519.93,2026-05-29,Active
19914,31865,22,Savings,49031.84,2026-05-29,Active
21798,52843,101,Savings,43295.1,2026-05-29,Active
24193,5211,19,Current,104067.67,2026-05-29,Active
27362,7838,30,Savings,122529.92,2026-05-29,Active
33007,9418,103,NRI,127740.53,2026-05-29,Active
33522,10572,91,Current,9375.73,2026-05-29,Active
46842,49399,62,NRI,30225.58,2026-05-29,Active
49860,2069,105,Savings,49151.37,2026-05-29,Active
51459,17556,114,Savings,47805.92,2026-05-29,Active
71682,13931,96,Current,6179.27,2026-05-29,Active
74520,15504,77,Current,31384.61,2026-05-29,Active
75820,31115,29,Salary,18104.91,2026-05-29,Active
76225,57277,132,Savings,73793.2,2026-05-29,Active
79907,38440,37,Savings,51600.62,2026-05-29,Active
92654,31461,44,Salary,132105.03,2026-05-29,Active
94427,57381,104,Savings,26903.69,2026-05-29,Active
2202,43363,102,NRI,30201.13,2026-05-30,Active
10914,18542,20,Current,23536.51,2026-05-30,Closed
24710,50429,67,Current,75328.03,2026-05-30,Active
30384,17204,104,Current,66022.21,2026-05-30,Active
32284,49908,25,Savings,63458.46,2026-05-30,Active
64454,9856,118,Current,128167.52,2026-05-30,Active
66542,32917,13,Savings,41018.5,2026-05-30,Active
68128,13733,112,Salary,3259.66,2026-05-30,Dormant
87390,39557,90,Savings,24556.54,2026-05-30,Active
4613,18941,103,Current,7053.89,2026-05-31,Active
7543,18389,26,Savings,31067.17,2026-05-31,Active
10942,4753,5,Fixed Deposit,59220.45,2026-05-31,Active
41140,22443,36,NRI,115906.36,2026-05-31,Dormant
41392,7146,40,Savings,1704.45,2026-05-31,Dormant
44122,57177,117,Fixed Deposit,37592.87,2026-05-31,Active
45056,6397,13,Salary,12234.63,2026-05-31,Active
53815,37355,55,Savings,15621.13,2026-05-31,Active
55626,46102,129,Savings,3919.14,2026-05-31,Active
59671,52355,38,Salary,12650.71,2026-05-31,Active
76350,38059,95,Current,130817.92,2026-05-31,Dormant
77630,20443,99,Savings,23027.69,2026-05-31,Active
79369,4518,16,Salary,14608.98,2026-05-31,Active
79969,1377,14,Fixed Deposit,51029.56,2026-05-31,Active
89053,5621,120,Savings,61174.6,2026-05-31,Active
93717,15669,88,Fixed Deposit,56604.92,2026-05-31,Dormant